mean,std,volume_of_articles
0.0,0.0,2
1.0,,1
-0.3333333333333333,0.5773502691896258,3
0.0,,1
-3.0,,1
2.0,,1
2.0,,1
2.0,,1
0.0,,1
0.0,,1
0.0,,1
0.0,,1
0.0,0.0,2
0.0,,1
2.0,,1
-1.0,,1
-5.0,,1
4.0,,1
0.0,,1
0.0,,1
0.0,,1
0.0,,1
0.0,,1
-1.0,,1
-2.0,,1
0.0,,1
0.0,,1
-1.0,1.4142135623730951,2
0.0,,1
0.0,,1
0.0,,1
0.0,0.0,2
1.0,,1
0.0,0.0,2
-0.5,1.0,4
0.0,,1
0.0,,1
0.0,,1
0.0,,1
-2.0,,1
0.0,,1
-1.3333333333333333,1.1547005383792517,3
0.0,,1
0.0,,1
0.0,,1
0.0,,1
3.0,,1
0.0,0.0,2
-1.0,,1
0.0,0.0,2
1.0,,1
1.5,2.1213203435596424,2
0.0,,1
0.0,0.0,2
0.0,,1
0.0,,1
2.0,,1
2.0,,1
-1.0,,1
2.0,,1
0.0,,1
2.5,0.7071067811865476,2
0.0,,1
0.0,,1
0.0,,1
0.0,,1
0.0,,1
0.0,,1
-2.0,,1
0.0,,1
0.0,,1
-1.0,,1
-2.0,,1
-1.6666666666666667,2.0816659994661326,3
0.0,,1
-2.0,,1
1.5,2.1213203435596424,2
0.0,,1
1.0,3.605551275463989,3
3.0,,1
0.0,0.0,2
0.0,0.0,2
0.0,,1
0.0,0.0,3
1.5,4.949747468305833,2
0.0,,1
0.0,,1
0.0,,1
0.0,,1
0.0,,1
0.0,,1
-0.5,0.7071067811865476,2
0.0,,1
2.0,,1
3.0,,1
0.0,,1
0.0,,1
2.0,,1
0.0,,1
0.0,,1
0.0,,1
-3.0,0.0,2
-1.0,,1
-5.0,,1
-1.5,0.7071067811865476,2
1.5,2.1213203435596424,2
2.0,,1
-1.0,1.7320508075688772,3
-2.0,,1
1.0,1.4142135623730951,2
0.5,1.0,4
2.0,,1
2.0,,1
-4.0,,1
0.0,,1
-1.0,1.4142135623730951,2
0.3333333333333333,0.5773502691896258,3
-1.0,,1
0.0,,1
0.0,,1
0.0,,1
0.0,,1
-4.0,,1
0.0,,1
0.0,,1
0.0,,1
0.0,,1
1.0,,1
0.0,0.0,2
0.0,,1
0.0,,1
0.0,,1
-1.0,1.4142135623730951,2
0.0,,1
0.0,,1
2.0,,1
0.0,0.0,2
1.0,,1
0.0,0.0,2
3.0,,1
-3.0,,1
-1.0,1.4142135623730951,2
0.0,,1
0.0,0.0,3
0.0,,1
0.0,,1
-1.0,1.4142135623730951,2
0.0,,1
-1.0,,1
0.0,,1
2.0,,1
0.0,,1
4.0,,1
0.0,,1
0.0,,1
-1.0,,1
0.0,,1
0.0,,1
0.0,,1
0.0,,1
0.0,,1
0.0,0.0,2
0.0,,1
2.0,,1
0.0,,1
1.0,,1
0.0,,1
0.0,,1
-2.0,,1
0.0,,1
-1.0,1.7320508075688772,3
-1.0,1.4142135623730951,2
-1.0,1.4142135623730951,2
0.0,,1
0.0,,1
-2.0,,1
-2.0,,1
0.0,,1
0.0,,1
-2.0,,1
0.0,,1
-2.0,0.0,2
0.0,,1
-2.0,,1
0.0,,1
0.0,,1
0.0,,1
2.0,,1
2.0,,1
-0.3333333333333333,0.5773502691896258,3
0.0,,1
0.0,0.0,2
0.0,,1
-1.0,,1
0.0,0.0,2
0.0,,1
0.0,,1
-1.0,,1
-0.5,0.7071067811865476,2
0.0,,1
-2.0,,1
-2.0,,1
0.6666666666666666,1.1547005383792517,3
0.0,,1
0.0,,1
0.0,,1
2.0,,1
0.0,,1
0.0,,1
-1.0,,1
0.0,,1
0.0,,1
0.0,,1
0.0,0.0,3
0.0,,1
1.0,1.7320508075688772,3
0.0,,1
0.0,,1
0.0,,1
0.0,,1
0.0,,1
-2.0,,1
0.0,,1
0.0,,1
2.0,,1
0.0,0.0,3
1.0,,1
0.0,,1
0.0,,1
0.0,0.0,2
4.0,,1
0.0,,1
0.0,,1
0.0,,1
0.5,0.7071067811865476,2
0.0,,1
0.0,,1
2.0,,1
3.0,,1
0.0,,1
0.0,0.0,2
0.0,,1
1.0,4.242640687119285,2
-1.0,1.4142135623730951,2
0.0,,1
0.0,,1
0.0,,1
0.0,0.0,2
0.0,,1
-1.5,2.1213203435596424,2
0.0,0.0,2
0.6666666666666666,1.1547005383792517,3
-1.0,1.4142135623730951,2
0.0,,1
0.0,,1
0.0,,1
0.0,,1
-2.0,,1
0.0,,1
-2.0,,1
0.0,,1
0.0,,1
0.0,,1
0.0,,1
-2.0,,1
0.0,,1
0.0,,1
0.0,,1
0.0,,1
-2.0,,1
0.0,,1
0.0,0.0,2
0.0,,1
0.0,0.0,2
0.0,,1
7.0,,1
0.0,,1
0.0,0.0,2
0.0,,1
0.0,,1
0.0,,1
0.0,,1
-2.0,,1
0.0,,1
5.0,,1
0.0,,1
0.0,,1
-1.0,,1
0.0,,1
2.0,,1
2.0,,1
2.0,,1
3.0,,1
0.0,,1
0.0,,1
0.0,,1
0.0,0.0,2
1.0,,1
0.0,,1
0.0,,1
0.0,,1
1.0,1.4142135623730951,2
0.0,,1
0.0,,1
1.0,,1
0.0,,1
0.0,0.0,2
0.0,0.0,3
0.0,0.0,3
0.0,,1
0.0,,1
2.3333333333333335,2.0816659994661326,3
0.0,,1
0.0,0.0,2
0.0,0.0,2
0.0,0.0,2
2.0,,1
0.0,,1
0.0,,1
0.0,,1
0.3333333333333333,1.5275252316519468,3
0.3333333333333333,3.511884584284246,3
-2.0,,1
0.0,,1
-1.0,1.4142135623730951,2
0.0,,1
1.0,,1
0.0,0.0,2
1.5,2.1213203435596424,2
1.5,2.1213203435596424,2
0.0,,1
0.0,0.0,2
0.0,,1
0.0,0.0,2
3.0,,1
1.5,2.1213203435596424,2
-4.0,,1
0.0,,1
0.0,,1
0.0,,1
0.0,,1
0.0,,1
0.0,0.0,2
-1.0,1.4142135623730951,2
0.0,,1
0.0,,1
0.0,,1
0.0,,1
0.0,0.0,2
0.0,,1
0.0,,1
2.5,3.5355339059327378,2
0.0,,1
-0.5,0.7071067811865476,2
-0.3333333333333333,0.5773502691896258,3
-2.0,,1
0.0,0.0,2
0.4,0.8944271909999159,5
0.0,,1
0.0,,1
0.0,,1
1.0,1.4142135623730951,2
-1.0,4.242640687119285,2
-1.0,,1
1.0,,1
0.0,,1
0.8,1.3038404810405297,5
1.0,1.4142135623730951,5
2.0,,1
0.0,0.0,2
0.0,0.0,2
-1.0,,1
0.0,,1
3.0,,1
0.0,0.0,3
1.0,1.4142135623730951,2
0.4,0.894427190999916,5
-2.0,,1
0.0,,1
2.0,,1
-2.0,,1
0.0,,1
0.0,0.0,3
0.0,0.0,2
-1.0,,1
0.5,1.9148542155126762,4
1.0,1.4142135623730951,2
0.0,,1
0.0,0.0,2
1.0,,1
0.0,,1
0.0,0.0,3
0.5,1.0,4
0.0,,1
-1.0,,1
0.0,0.0,2
0.0,0.0,2
0.0,,1
1.0,1.4142135623730951,2
-0.25,0.5,4
0.0,0.0,3
0.0,0.0,2
0.0,0.0,3
0.0,,1
0.0,,1
0.0,,1
0.0,0.0,3
1.0,1.4142135623730951,2
0.5,1.0,4
0.0,,1
-0.5,0.7071067811865476,2
0.0,,1
0.0,,1
0.0,,1
0.0,0.0,2
0.0,,1
0.5,0.7071067811865476,2
-0.5,0.7071067811865476,2
2.0,,1
0.0,,1
0.6666666666666666,1.1547005383792517,3
3.0,,1
1.0,1.4142135623730951,2
1.0,1.4142135623730951,2
0.0,0.0,2
0.0,,1
0.0,0.0,4
0.25,0.7071067811865476,8
0.0,0.0,2
0.0,,1
-0.6666666666666666,1.1547005383792517,3
0.0,,1
0.0,,1
0.0,,1
3.0,,1
3.0,,1
0.0,,1
-2.0,,1
0.0,,1
0.0,,1
0.0,0.0,2
0.0,0.0,2
0.0,,1
0.0,,1
0.0,,1
0.0,,1
-1.6666666666666667,0.5773502691896257,3
0.3333333333333333,2.516611478423583,3
-1.0,,1
2.0,,1
0.0,0.0,2
-0.6666666666666666,1.1547005383792517,3
0.0,,1
0.0,0.0,2
2.0,,1
0.0,0.0,2
0.0,,1
0.0,,1
1.0,1.4142135623730951,2
0.0,,1
0.0,,1
0.0,,1
0.0,,1
3.0,,1
0.0,0.0,2
1.0,,1
-2.0,,1
0.0,,1
0.0,0.0,2
0.0,0.0,2
1.0,1.4142135623730951,2
0.0,0.0,2
0.0,,1
0.0,,1
0.0,,1
0.0,0.0,2
3.0,,1
-3.0,,1
-2.0,,1
-0.3333333333333333,0.5773502691896258,3
0.0,0.0,4
0.0,0.0,2
0.0,,1
0.0,,1
0.0,,1
2.0,,1
0.0,,1
1.0,,1
0.0,,1
0.0,,1
0.0,0.0,7
0.0,0.0,8
-0.3333333333333333,0.816496580927726,6
0.0,,1
0.0,0.0,4
-1.0,1.4142135623730951,2
0.0,0.0,3
0.0,,1
-4.0,,1
0.0,0.0,2
0.3333333333333333,0.5773502691896258,3
0.25,0.5,4
0.8333333333333334,0.9831920802501751,6
0.0,,1
0.0,0.0,2
0.0,,1
-1.0,1.4142135623730951,2
1.0,1.4142135623730951,2
3.0,,1
-1.0,1.0,3
-1.0,0.0,2
2.0,,1
0.0,,1
0.0,,1
0.0,0.0,2
0.0,,1
0.0,0.0,2
0.0,,1
0.0,,1
0.0,0.0,2
0.0,0.0,2
0.0,,1
-0.6666666666666666,1.0327955589886444,6
0.0,,1
0.25,2.0615528128088303,4
0.5,0.7071067811865476,2
0.0,,1
-1.0,1.4142135623730951,2
0.3333333333333333,1.5275252316519465,3
1.0,1.7320508075688772,3
0.0,1.2649110640673518,6
0.0,,1
1.0,1.4142135623730951,2
0.0,,1
0.0,,1
-2.0,,1
2.0,,1
0.0,0.0,3
0.0,,1
0.0,,1
0.0,0.0,2
0.0,0.0,2
0.0,,1
-0.6,1.949358868961793,5
2.0,,1
0.0,,1
0.0,,1
0.0,,1
4.0,,1
0.0,,1
0.0,0.0,2
0.0,,1
0.0,,1
0.0,,1
0.0,,1
0.0,,1
2.0,,1
-0.5,1.0,4
0.0,,1
0.0,,1
0.0,0.0,2
0.0,,1
0.0,,1
3.0,,1
3.0,,1
0.0,,1
0.0,0.0,3
0.0,,1
-2.0,,1
0.0,,1
0.0,,1
0.0,,1
0.0,0.0,2
0.0,0.0,2
0.0,,1
0.0,,1
-0.5,3.5355339059327378,2
0.0,,1
0.0,,1
-1.0,,1
-1.0,1.4142135623730951,2
0.0,,1
0.0,,1
0.6,0.8944271909999159,5
-0.2,0.6324555320336759,10
3.0,,1
0.0,,1
-1.5,2.1213203435596424,2
0.0,,1
2.0,,1
2.0,,1
-1.0,,1
0.0,,1
0.0,0.0,3
0.0,,1
0.0,,1
0.0,0.0,2
1.0,1.4142135623730951,5
1.0,1.7320508075688772,3
0.0,0.0,2
2.0,0.0,2
0.0,,1
0.0,,1
-2.0,,1
2.0,0.0,2
-1.5,1.0,4
0.0,,1
0.0,,1
0.0,,1
0.5,3.5355339059327378,2
1.0,1.4142135623730951,2
0.5,0.7071067811865476,2
-2.0,,1
0.0,0.0,2
-0.6,1.3416407864998738,5
0.6666666666666666,1.1547005383792517,3
3.0,,1
0.0,0.0,2
0.0,0.0,2
0.0,,1
1.6,2.3021728866442674,5
-0.75,1.5,4
1.0,1.7320508075688772,3
0.0,,1
0.0,,1
0.0,,1
0.0,,1
0.0,,1
0.0,0.0,2
1.5,2.1213203435596424,2
-2.0,,1
0.0,,1
2.0,,1
-2.0,,1
0.0,,1
-1.0,,1
0.0,0.0,3
0.0,,1
0.0,0.0,4
-1.0,1.1547005383792515,4
1.5,0.7071067811865476,2
0.0,,1
0.0,,1
0.0,0.0,2
0.0,,1
1.5,2.1213203435596424,2
0.0,,1
0.0,,1
0.0,0.0,2
0.0,,1
0.0,,1
0.0,,1
0.0,0.0,2
0.0,,1
0.5,0.7071067811865476,2
1.0,1.7320508075688772,3
1.0,1.4142135623730951,2
0.0,0.0,6
-0.3333333333333333,0.5773502691896258,3
0.5,1.0,4
0.0,,1
0.0,,1
0.0,,1
0.0,,1
0.0,,1
0.5,0.7071067811865476,2
1.0,,1
-1.5,2.1213203435596424,2
0.0,0.0,2
0.0,0.0,2
0.0,,1
2.5,0.7071067811865476,2
0.0,,1
-1.0,,1
-3.0,,1
0.0,0.0,2
0.0,0.0,4
0.5,0.7071067811865476,2
0.0,,1
0.0,,1
0.0,0.0,2
0.0,,1
-0.5,0.7071067811865476,2
-1.0,,1
0.0,0.0,2
0.0,0.0,2
0.0,,1
-0.5,1.7320508075688772,4
3.0,,1
0.0,,1
2.0,,1
0.0,0.0,2
2.0,,1
-2.0,,1
0.0,0.0,2
0.0,,1
0.0,0.0,2
0.0,,1
-3.0,,1
-3.0,,1
1.6666666666666667,2.886751345948129,3
1.0,1.7320508075688772,3
1.5,2.1213203435596424,2
0.0,,1
1.0,1.4142135623730951,2
-0.5,0.7071067811865476,2
0.0,0.0,2
3.0,,1
0.0,,1
0.0,,1
0.0,,1
0.0,,1
0.0,0.0,2
0.0,,1
0.0,0.0,2
0.0,3.0,3
1.6666666666666667,2.886751345948129,3
1.6666666666666667,1.5275252316519468,3
-0.2,0.447213595499958,5
-0.5,0.7071067811865476,2
-3.0,,1
0.5,0.7071067811865476,2
0.0,,1
0.0,,1
0.0,0.0,2
-2.0,,1
0.0,,1
-0.5,0.7071067811865476,2
0.0,,1
0.0,,1
0.0,,1
1.0,0.0,2
0.0,0.0,3
0.0,,1
0.0,0.0,2
0.0,,1
3.0,,1
0.0,,1
0.0,,1
0.0,,1
0.0,0.0,4
-3.0,,1
0.0,0.0,2
0.3333333333333333,0.816496580927726,6
0.0,0.0,2
-4.0,,1
1.0,,1
0.0,,1
0.0,,1
2.0,,1
0.0,,1
0.0,,1
-0.5,0.7071067811865476,2
0.0,,1
0.0,0.0,3
0.0,0.0,4
-0.3333333333333333,0.5773502691896258,3
0.0,,1
-1.0,1.4142135623730951,2
-0.5,0.7071067811865476,2
-3.0,,1
0.0,0.0,2
0.0,,1
0.0,0.0,2
0.0,,1
0.3333333333333333,0.816496580927726,6
-0.25,0.5,4
0.0,,1
-1.5,2.1213203435596424,2
0.0,0.0,2
0.0,0.0,2
0.0,,1
0.0,,1
-0.2,0.4472135954999579,5
0.3333333333333333,0.5773502691896258,3
0.0,,1
0.0,,1
0.0,,1
-0.4,0.8944271909999159,5
0.0,0.0,2
0.0,,1
0.0,,1
0.0,,1
-0.6666666666666666,1.1547005383792517,3
0.0,,1
0.0,,1
0.0,,1
0.0,,1
0.0,0.0,3
0.0,,1
0.0,0.0,2
0.0,,1
3.0,,1
-0.125,0.3535533905932738,8
-0.6,1.3416407864998738,5
0.0,,1
0.0,0.0,2
0.0,0.0,3
1.6666666666666667,0.5773502691896257,3
0.0,,1
0.0,0.0,4
0.0,,1
0.0,0.0,2
0.0,,1
2.0,,1
0.0,,1
0.0,,1
1.0,1.4142135623730951,2
0.6666666666666666,1.1547005383792517,3
0.0,,1
0.0,,1
0.0,,1
0.0,,1
0.0,,1
0.0,0.0,2
0.0,0.0,3
0.0,0.0,4
0.0,,1
-0.6666666666666666,1.1547005383792517,3
-1.0,,1
0.0,,1
0.0,,1
1.5,2.1213203435596424,2
-0.5,0.7071067811865476,2
0.0,0.0,2
-0.4,1.6733200530681511,5
0.0,,1
0.0,,1
0.0,,1
0.0,,1
0.5,1.0,4
0.0,0.0,3
0.0,2.8284271247461903,2
0.0,0.0,3
-2.0,,1
0.0,0.0,2
0.0,,1
0.0,,1
0.0,,1
0.0,,1
-0.6666666666666666,1.9663841605003503,6
-1.3333333333333333,1.7511900715418263,6
0.6666666666666666,0.5773502691896258,3
0.0,,1
0.8,1.3038404810405297,5
0.25,0.5,4
0.0,,1
0.0,,1
2.0,,1
0.0,,1
0.0,,1
-1.3333333333333333,2.3094010767585034,3
2.0,,1
-1.0,,1
-0.5,0.7071067811865476,2
0.0,,1
-1.0,,1
-2.0,,1
-2.0,2.8284271247461903,2
0.0,0.0,3
-2.0,,1
0.0,,1
2.0,,1
-0.6,0.8944271909999159,5
0.0,,1
1.0,,1
0.0,,1
-1.5,2.1213203435596424,2
-2.0,,1
-1.3333333333333333,1.1547005383792517,3
0.5,1.0,4
0.0,,1
0.0,0.0,3
-0.7777777777777778,0.97182531580755,9
0.5714285714285714,0.9759000729485332,7
0.0,0.0,2
0.0,,1
-0.6666666666666666,1.1547005383792517,3
0.0,0.0,2
0.0,,1
-2.0,,1
0.0,,1
0.0,,1
0.0,0.0,2
0.0,,1
0.0,,1
-2.0,0.0,2
-1.0,,1
0.0,0.0,3
3.0,,1
0.0,,1
0.0,,1
3.0,,1
0.0,,1
1.0,0.816496580927726,4
0.0,,1
0.0,,1
0.0,0.0,2
0.5,0.7071067811865476,2
0.0,0.0,2
0.0,,1
0.5,1.224744871391589,6
0.5714285714285714,1.511857892036909,7
0.0,0.0,2
2.5,3.5355339059327378,2
-2.0,,1
0.0,,1
-2.0,,1
0.0,0.0,5
0.0,,1
0.0,,1
0.0,,1
0.0,,1
0.0,,1
0.0,,1
0.0,0.0,2
-1.0,,1
0.0,,1
0.0,,1
0.0,,1
0.0,,1
1.0,1.4142135623730951,2
0.0,,1
0.0,,1
0.0,,1
0.0,,1
-0.5,0.7071067811865476,2
-3.0,,1
0.0,,1
0.0,,1
0.0,,1
0.0,,1
0.0,0.0,2
2.0,2.0,3
0.0,0.0,3
0.5,1.0801234497346435,10
-0.5,1.0,4
2.5,2.1213203435596424,2
0.0,,1
0.0,,1
0.0,,1
0.0,,1
0.0,,1
0.0,,1
-0.6,0.5477225575051661,5
0.75,1.5,4
0.0,,1
-0.5,0.7071067811865476,2
0.0,,1
0.0,,1
0.0,0.0,5
-1.0,,1
0.6666666666666666,1.1547005383792517,3
0.0,,1
0.6,1.3416407864998738,5
0.0,,1
1.0,1.4142135623730951,2
-0.6666666666666666,1.1547005383792517,3
0.0,0.0,2
-0.5,0.9258200997725515,8
0.0,0.0,3
0.0,,1
-1.0,1.4142135623730951,2
0.0,,1
1.0,1.4142135623730951,2
-2.0,0.0,2
0.0,0.0,2
0.0,0.0,2
0.0,0.0,4
-1.3333333333333333,1.1547005383792517,3
0.0,0.0,3
-3.0,,1
0.0,0.0,5
1.0,1.4142135623730951,2
0.0,0.0,2
2.0,,1
-1.0,1.4142135623730951,4
-0.5,1.0,4
0.0,0.0,3
0.0,,1
0.5,1.0,4
-0.25,0.5,4
0.0,,1
0.0,,1
0.0,,1
0.0,0.0,2
1.0,1.4142135623730951,2
0.0,,1
2.0,2.6457513110645907,3
0.0,,1
-1.0,1.0,5
0.0,,1
0.0,0.0,4
-1.5,2.1213203435596424,2
-2.0,,1
0.0,,1
0.0,0.0,2
1.0,1.4142135623730951,2
-1.0,1.7320508075688772,3
0.05263157894736842,0.8481145238787243,19
0.2857142857142857,1.2535663410560174,7
0.0,,1
0.0,,1
-1.0,,1
0.0,0.0,2
0.0,,1
0.0,,1
0.0,0.0,2
0.0,,1
-0.6363636363636364,1.2862913567871996,11
0.0,0.0,2
0.75,1.5,4
0.0,0.0,3
0.0,,1
-2.0,,1
0.0,0.0,3
0.0,,1
0.0,,1
0.0,,1
0.75,1.5,4
-0.2,0.447213595499958,5
0.0,,1
2.0,,1
0.0,,1
-2.0,,1
0.0,0.0,3
-2.0,,1
0.0,,1
0.0,,1
0.0,0.0,2
-1.0,0.0,2
1.0,1.4142135623730951,2
1.0,1.4142135623730951,2
0.0,0.0,2
-2.0,,1
0.0,0.0,5
0.42857142857142855,0.9376144618769908,14
0.75,1.5,4
-3.0,,1
-0.5,0.7071067811865476,2
0.0,,1
-2.0,,1
0.0,,1
2.0,,1
0.0,,1
0.0,0.0,2
1.0,,1
0.0,,1
0.0,,1
0.0,,1
0.0,,1
0.0,0.0,2
0.0,,1
2.0,,1
0.3333333333333333,1.505545305418162,6
2.0,,1
0.0,0.0,3
0.0,,1
1.0,1.4142135623730951,2
0.0,0.0,2
0.0,0.0,2
0.0,,1
0.0,0.0,2
0.0,,1
0.0,,1
0.0,,1
2.0,2.8284271247461903,2
2.0,,1
0.0,0.0,5
1.0,1.4142135623730951,2
0.0,0.0,2
-1.0,,1
0.36363636363636365,1.2862913567871996,11
-1.4,2.1908902300206643,5
0.0,,1
0.0,,1
0.0,,1
0.0,0.0,2
0.0,,1
0.0,0.0,2
1.0,1.4142135623730951,2
0.0,,1
0.0,0.0,2
0.0,,1
0.3333333333333333,0.816496580927726,6
0.0,,1
-1.0,,1
0.0,0.0,2
0.0,0.0,2
2.5,0.7071067811865476,2
0.0,0.0,5
0.0,,1
0.0,,1
1.5,2.1213203435596424,2
0.0,,1
0.0,,1
0.0,0.0,2
0.0,0.0,4
0.0,,1
0.8333333333333334,0.9831920802501751,6
0.5,0.7071067811865476,2
0.0,,1
0.0,,1
-0.3333333333333333,2.886751345948129,3
0.6666666666666666,3.0550504633038935,3
0.0,0.0,2
0.0,0.0,2
0.0,,1
1.0,1.4142135623730951,2
0.5454545454545454,2.018099916438052,11
1.0,1.7320508075688772,3
1.5,0.5773502691896257,4
1.0,,1
0.0,,1
0.0,0.0,2
0.0,,1
3.0,,1
0.6666666666666666,1.1547005383792517,3
0.5,1.9148542155126764,4
0.0,,1
0.0,0.0,2
1.0,1.4142135623730951,2
0.0,,1
0.0,,1
0.0,0.0,2
0.4,0.8944271909999159,5
0.3333333333333333,0.5773502691896258,3
1.0,1.4142135623730951,4
0.0,,1
0.0,,1
0.0,,1
0.0,0.0,2
0.0,,1
0.0,,1
0.0,0.0,2
-0.25,0.5,4
-0.42857142857142855,1.1338934190276817,7
-0.5,3.5355339059327378,2
0.0,,1
0.0,,1
2.0,2.8284271247461903,2
0.6,1.3416407864998738,5
0.6923076923076923,1.377474463442389,13
0.0,0.0,6
0.0,,1
0.0,0.0,3
0.0,0.0,4
1.5,2.1213203435596424,2
0.0,0.0,3
0.0,0.0,3
1.5,2.1213203435596424,2
-2.0,,1
0.0,,1
0.0,,1
-1.0,1.4142135623730951,2
0.0,0.0,4
0.0,0.0,4
1.0,1.4142135623730951,2
0.0,0.0,2
0.0,,1
1.0,1.4142135623730951,2
0.0,,1
0.0,,1
-0.5,1.0,4
1.0,,1
-2.0,,1
1.6666666666666667,1.5275252316519468,3
0.5,0.5773502691896257,4
0.0,0.0,2
-2.0,,1
0.0,,1
0.0,,1
0.42857142857142855,2.14919697074224,7
1.5,2.16794833886788,6
4.0,,1
0.0,,1
2.0,,1
0.0,0.0,2
0.0,0.0,2
0.0,,1
0.0,0.0,2
0.0,,1
1.5,2.1213203435596424,2
-0.75,0.9574271077563381,4
0.0,0.0,4
-2.0,1.632993161855452,4
-2.5,0.7071067811865476,2
0.0,,1
0.0,0.0,3
0.6666666666666666,1.1547005383792517,3
0.0,,1
0.0,0.0,3
0.4,2.1908902300206643,5
0.0,,1
-2.0,,1
-0.3333333333333333,1.5275252316519465,3
0.0,0.0,2
0.0,0.0,2
1.0,1.4142135623730951,2
1.0,1.4142135623730951,2
0.0,,1
0.0,,1
-5.0,,1
-2.0,,1
0.0,,1
0.0,,1
0.3333333333333333,0.5773502691896258,3
0.0,1.1832159566199232,11
-0.6,1.949358868961793,5
2.0,,1
0.0,,1
-1.0,,1
0.0,0.0,3
-1.0,1.4142135623730951,2
-5.0,,1
-3.5,0.7071067811865476,2
2.0,,1
0.0,,1
0.0,0.0,2
0.16666666666666666,1.6020819787597222,6
3.0,,1
-1.0,,1
0.0,0.0,2
0.0,0.0,2
0.0,,1
0.0,,1
-2.5,3.5355339059327378,2
0.0,0.0,2
-0.3333333333333333,0.5773502691896258,3
-3.0,,1
0.0,1.4142135623730951,2
-0.6666666666666666,1.1547005383792517,3
0.0,,1
0.125,1.1259916264596033,8
0.25,1.707825127659933,4
-2.0,,1
0.0,0.0,2
1.0,1.4142135623730951,2
-0.3333333333333333,0.5773502691896258,3
0.0,0.0,4
0.0,,1
0.0,,1
2.0,,1
-3.0,0.0,2
0.0,,1
-0.3333333333333333,0.5773502691896258,3
0.0,0.0,2
0.0,0.0,2
0.0,,1
0.0,,1
0.0,0.0,2
0.0,,1
0.5,0.7071067811865476,2
1.0,1.4142135623730951,2
0.3333333333333333,2.886751345948129,3
-5.0,0.0,2
0.0,,1
-1.0,,1
0.0,,1
-2.0,,1
0.0,0.0,2
1.5,0.7071067811865476,2
1.0,1.4142135623730951,2
0.0,,1
0.0,2.0,3
0.0,,1
2.5,0.7071067811865476,2
0.0,,1
-0.4,0.894427190999916,5
0.3333333333333333,1.4960264830861913,15
0.0,0.0,6
0.0,,1
0.6666666666666666,1.1547005383792517,3
0.6666666666666666,1.1547005383792517,3
0.0,,1
0.0,,1
0.0,,1
2.0,1.7320508075688772,3
2.0,,1
0.5,0.7071067811865476,2
0.0,0.0,2
-1.0,1.4142135623730951,2
0.0,1.632993161855452,4
0.0,,1
0.0,,1
0.0,,1
0.0,0.0,2
-1.0,1.7320508075688772,3
0.0,,1
0.0,,1
0.5,1.0,4
0.0,0.0,2
0.0,0.0,2
1.3333333333333333,1.1547005383792517,3
0.0,2.0,3
0.5,1.0,4
-3.0,,1
0.0,1.4142135623730951,10
1.5,1.0,4
-1.0,0.0,2
0.0,0.0,2
3.5,0.7071067811865476,2
-0.5,1.0,4
0.0,0.0,2
2.0,2.0,3
0.4,0.8944271909999159,5
-1.5,0.7071067811865476,2
0.0,,1
0.3,1.1595018087284057,10
0.0,0.0,2
0.0,,1
0.0,0.0,4
-0.3333333333333333,0.5773502691896258,3
-2.0,,1
0.0,0.0,2
-1.0,1.7320508075688772,3
0.0,,1
0.0,,1
1.3333333333333333,1.1547005383792517,3
1.0,,1
0.0,,1
-2.0,,1
0.0,,1
0.0,,1
0.6666666666666666,1.1547005383792517,3
0.0,,1
-2.0,2.309401076758503,4
-1.0,,1
2.0,,1
3.0,,1
0.0,,1
-0.75,1.4880476182856899,8
0.42857142857142855,0.7867957924694432,7
0.0,0.0,2
-0.4,1.6733200530681511,5
-0.25,2.0615528128088303,4
0.0,,1
-1.0,1.4142135623730951,2
-2.0,,1
-4.0,,1
-0.25,0.5,4
3.3333333333333335,0.5773502691896258,3
-1.0,1.4142135623730951,2
3.0,4.242640687119285,2
0.0,,1
1.0,1.4142135623730951,2
0.0,0.0,2
0.0,,1
-1.0,,1
0.16666666666666666,0.5773502691896257,12
-0.8571428571428571,1.4638501094227998,7
-2.0,,1
3.0,,1
0.0,,1
0.0,,1
0.0,,1
0.0,,1
-0.5,0.7071067811865476,2
0.0,0.0,2
0.0,0.816496580927726,4
-0.5,0.7071067811865476,2
0.0,0.0,2
0.0,,1
3.0,3.4641016151377544,4
0.0,,1
0.0,0.0,4
2.5,0.7071067811865476,2
0.0,,1
-1.0,1.4142135623730951,2
-0.4,1.577621275493231,10
-2.0,,1
0.0,,1
1.0,,1
0.0,,1
-2.0,,1
0.0,,1
0.0,0.0,2
0.0,0.0,2
0.0,,1
0.0,0.0,3
-2.0,,1
0.0,,1
1.0,,1
-1.0,,1
-1.0,1.4142135623730951,2
-0.8,2.280350850198276,5
0.3333333333333333,0.5773502691896258,3
-2.0,,1
0.0,,1
0.0,0.0,2
0.0,,1
0.0,,1
0.5,1.3093073414159542,8
0.0,,1
0.0,,1
1.0,0.0,2
0.6923076923076923,1.5483655567842813,13
0.7142857142857143,0.9511897312113419,7
0.0,0.0,2
0.0,,1
1.0,1.4142135623730951,5
0.5,0.9660917830792959,16
0.8571428571428571,1.5735915849388864,7
0.0,,1
0.0,0.0,2
0.0,,1
-2.0,,1
0.0,0.0,3
0.0,,1
0.0,0.0,2
0.0,0.0,2
-1.0,,1
0.0,,1
2.0,,1
0.0,0.0,2
1.0,1.4142135623730951,2
1.0,2.8284271247461903,2
-0.6666666666666666,1.1547005383792517,3
0.0,,1
0.0,0.0,2
1.5,2.1213203435596424,2
0.3333333333333333,0.5773502691896258,3
0.5,0.7071067811865476,2
0.3333333333333333,0.5773502691896258,3
0.25,1.2583057392117916,4
0.0,,1
-2.0,,1
0.0,1.0954451150103321,6
1.0,1.4142135623730951,5
-1.3333333333333333,2.3094010767585034,3
0.0,,1
-0.3333333333333333,0.5773502691896258,3
2.0,,1
0.0,,1
0.0,,1
1.0,1.4142135623730951,2
0.0,,1
0.0,,1
0.0,,1
4.0,,1
-3.0,,1
-1.25,2.7537852736430506,4
0.0,0.0,2
2.0,2.0,3
0.0,0.0,4
0.0,,1
0.0,0.0,2
0.0,,1
0.5,3.5355339059327378,2
0.0,,1
0.0,,1
0.0,,1
0.5,3.5355339059327378,2
0.5,0.5773502691896257,4
0.0,0.0,2
0.0,,1
0.0,,1
0.0,,1
0.5,0.7071067811865476,2
0.0,0.0,2
0.0,1.1547005383792515,7
0.6666666666666666,1.1547005383792517,3
-1.0,1.4142135623730951,2
-2.0,,1
0.0,,1
-3.0,,1
2.0,,1
4.0,,1
-1.0,,1
0.0,0.0,2
0.0,0.0,2
0.0,,1
0.0,0.0,2
0.0,0.0,2
1.0,,1
0.0,0.0,3
0.0,,1
2.0,,1
1.1,1.5951314818673865,10
0.0,0.0,5
0.0,0.0,2
0.0,,1
0.0,,1
0.0,,1
0.0,,1
0.0,,1
0.0,0.0,2
0.0,,1
-1.0,3.0,3
0.0,0.0,3
-1.0,1.7320508075688772,3
0.25,1.7525491637693282,8
-0.3333333333333333,0.5773502691896258,3
0.0,,1
0.0,,1
-1.3333333333333333,2.3094010767585034,3
0.0,0.0,2
0.0,,1
0.0,,1
0.0,,1
0.0,,1
0.0,,1
0.0,,1
0.0,,1
0.0,,1
-1.0,1.4142135623730951,2
-0.3333333333333333,0.816496580927726,6
1.875,1.642080561796093,8
-0.75,1.5000000000000002,4
0.6666666666666666,2.0816659994661326,3
-0.5,0.7071067811865476,2
0.0,,1
0.2857142857142857,0.8254203058555569,14
0.42857142857142855,0.7867957924694432,7
0.0,0.0,3
0.0,,1
0.0,,1
0.0,0.0,2
3.0,,1
0.0,,1
0.8333333333333334,1.3291601358251257,6
0.0,2.0,3
0.0,,1
0.0,,1
-0.6666666666666666,0.5773502691896258,3
0.0,,1
0.0,0.0,2
0.0,,1
-2.0,,1
0.0,0.0,2
0.0,,1
0.0,,1
0.4,0.8944271909999159,5
0.0,0.0,3
0.0,,1
3.0,,1
0.0,0.0,3
1.0,0.816496580927726,4
-1.0,1.7320508075688772,3
0.0,0.0,2
1.5,2.1213203435596424,2
0.0,,1
0.0,0.0,2
0.0,0.0,3
-0.5,1.0,4
0.8333333333333334,2.714160398109638,6
-2.25,2.217355782608345,4
0.0,0.0,2
-2.0,,1
0.0,0.0,3
0.0,,1
-0.6666666666666666,1.1547005383792517,3
0.0,0.0,2
0.0,0.0,10
1.0,1.5491933384829668,6
0.0,,1
0.0,0.0,2
2.0,1.7320508075688772,3
0.0,0.0,2
0.0,,1
2.0,,1
0.0,0.0,2
-0.6,0.894427190999916,5
-2.0,2.309401076758503,4
4.0,,1
0.0,,1
1.0,1.4142135623730951,2
0.0,2.8284271247461903,2
0.0,0.0,5
0.0,,1
0.0,0.0,3
1.3333333333333333,1.1547005383792517,3
-0.5,0.7071067811865476,2
-0.75,1.2583057392117916,4
0.0,,1
0.0,0.0,2
2.0,1.7320508075688772,3
-1.0,,1
0.0,0.0,2
0.0,,1
0.0,0.0,3
-1.0,,1
0.0,,1
1.25,1.5,4
0.0,0.0,3
0.0,,1
3.0,,1
2.0,0.0,2
0.0,,1
2.0,0.0,2
-0.5,1.0,4
-0.4444444444444444,1.3333333333333333,9
0.0,1.0954451150103321,6
1.0,,1
-1.3333333333333333,1.0327955589886444,6
0.0,1.4142135623730951,2
0.0,0.0,2
0.0,,1
0.0,0.0,2
0.0,0.0,3
-1.0,1.1547005383792515,4
0.0,0.0,4
1.3333333333333333,2.3094010767585034,3
3.0,,1
0.0,0.0,3
1.3333333333333333,1.1547005383792517,3
-1.5,2.1213203435596424,2
0.0,,1
0.0,,1
0.0,0.0,3
0.0,0.0,2
0.4,0.894427190999916,5
0.3333333333333333,1.5275252316519468,3
0.0,,1
0.0,,1
0.4,0.5477225575051662,5
2.0,,1
-2.0,,1
1.0,,1
0.0,,1
-0.6666666666666666,0.5773502691896258,3
0.0,0.0,2
-2.0,0.0,3
1.0,1.4142135623730951,5
-1.2,1.0954451150103321,5
-2.0,0.0,5
0.0,,1
2.0,0.0,2
-2.0,,1
0.0,0.0,3
0.0,0.0,2
0.0,0.0,3
2.0,,1
0.0,0.0,2
0.0,,1
-1.5,2.1213203435596424,2
2.0,2.309401076758503,4
2.0,,1
0.0,0.0,2
2.0,,1
0.0,,1
0.0,0.0,2
0.0,,1
0.0,,1
-4.0,,1
-2.0,,1
0.0,,1
0.6666666666666666,0.8997354108424374,15
0.0,,1
-1.5,0.7071067811865476,2
-1.1666666666666667,2.0412414523193148,6
0.0,,1
-0.16666666666666666,1.8348478592697182,6
3.0,4.242640687119285,2
0.4,0.894427190999916,5
-0.5,0.5773502691896257,4
2.0,0.0,2
1.5,1.378404875209022,6
0.0,0.0,3
0.0,0.0,2
0.0,0.0,2
2.0,,1
-2.0,,1
0.0,0.0,3
0.0,,1
0.0,0.0,3
0.0,0.0,4
2.0,,1
0.0,0.0,2
0.0,0.0,4
3.0,,1
2.0,,1
0.0,0.0,3
0.5,0.7071067811865476,2
2.0,,1
0.0,0.0,2
0.0,,1
3.25,2.362907813126304,4
-1.0,1.7320508075688772,3
-2.0,,1
-4.0,,1
0.0,,1
0.0,0.0,2
-1.0,1.1547005383792515,4
3.0,,1
0.0,,1
0.0,,1
-1.5,2.1213203435596424,2
0.0,0.0,2
1.3333333333333333,1.1547005383792517,3
-0.25,1.2583057392117916,4
0.0,0.9428090415820634,10
0.0,0.0,3
0.0,,1
0.0,0.0,3
0.0,,1
0.0,0.0,2
0.0,0.0,3
-1.0,1.4142135623730951,2
0.0,0.0,9
2.0,0.0,2
0.0,,1
1.0,1.1547005383792515,13
0.9090909090909091,2.0225995873897262,11
-1.0,,1
0.3333333333333333,0.778498944161523,12
1.5,1.7320508075688772,4
0.0,0.0,2
0.0,0.0,2
0.0,0.0,2
-1.0,,1
0.0,,1
0.0,,1
0.0,0.0,2
0.0,0.0,2
1.3333333333333333,1.1547005383792517,3
0.0,0.0,5
0.0,0.0,2
0.0,,1
0.0,,1
1.0,1.7320508075688772,3
0.0,0.0,3
-2.0,,1
0.0,0.0,12
0.8571428571428571,2.9680841985233184,7
0.0,0.0,4
3.0,0.0,2
0.0,,1
0.0,0.0,2
1.3333333333333333,1.1547005383792517,3
-1.0,,1
-1.0,1.4142135623730951,8
0.14285714285714285,1.4638501094227998,7
0.0,,1
-1.0,2.5819888974716108,4
0.5,0.7071067811865476,2
-3.0,,1
0.0,0.0,2
-0.5,1.0,4
0.0,0.0,2
0.0,0.0,3
-0.09090909090909091,1.513574937328539,11
0.0,1.2649110640673518,6
0.0,0.0,2
0.0,0.0,6
-1.0,1.4142135623730951,2
2.0,2.8284271247461903,2
0.0,,1
0.0,,1
0.0,0.0,3
0.0,,1
1.0,,1
2.0,,1
1.0,1.4142135623730951,2
0.0,,1
1.0,1.4142135623730951,2
0.0,,1
0.0,,1
0.0,,1
0.0,,1
-0.2857142857142857,0.7559289460184545,7
0.0,0.0,3
0.0,,1
0.0,0.0,2
0.0,,1
0.0,0.0,3
0.3333333333333333,0.5773502691896258,3
0.0,0.0,4
0.3333333333333333,0.5773502691896258,3
0.0,,1
1.0,,1
2.0,,1
0.0,0.0,2
0.0,,1
0.0,,1
0.0,,1
0.0,0.0,2
0.8,1.3038404810405297,5
-0.3333333333333333,0.5773502691896258,3
0.0,,1
0.0,,1
0.0,,1
4.0,,1
2.0,2.8284271247461903,2
0.0,,1
0.0,,1
0.2222222222222222,1.6414763002993509,9
0.0,0.0,6
0.0,,1
2.0,,1
-2.0,,1
0.0,,1
0.0,,1
1.0,1.1547005383792515,4
-2.0,,1
2.0,,1
0.0,,1
0.0,0.0,2
0.0,,1
1.5,1.7320508075688772,4
0.0,,1
0.0,,1
1.0,1.4142135623730951,2
-1.0,1.4142135623730951,2
0.0,,1
-1.0,,1
0.0,,1
1.0,1.4142135623730951,2
0.75,1.5,4
1.0,1.4142135623730951,2
0.0,,1
0.7142857142857143,0.7559289460184544,7
-1.0,1.4142135623730951,2
0.5,0.7071067811865476,2
0.0,0.0,2
0.0,,1
0.0,,1
0.0,0.0,2
0.0,,1
0.0,,1
0.0,,1
0.0,0.0,2
1.75,2.0615528128088303,4
0.0,0.0,3
2.0,,1
2.0,,1
-0.2222222222222222,0.6666666666666666,9
0.3333333333333333,2.0816659994661326,3
0.0,1.61245154965971,11
0.0,,1
0.0,0.0,3
-0.25,0.5,4
-1.0,1.4142135623730951,2
0.2857142857142857,0.7559289460184545,7
-0.09090909090909091,1.7002673586554236,11
0.4,0.8944271909999159,5
1.5,2.1213203435596424,2
0.0,,1
0.0,,1
0.0,0.0,3
3.0,,1
3.0,1.4142135623730951,2
0.0,,1
0.0,,1
0.0,,1
0.0,,1
-0.3333333333333333,1.5275252316519468,3
0.0,,1
1.5,2.1213203435596424,2
1.0,1.4142135623730951,2
0.0,,1
0.0,,1
0.0,0.0,2
-1.0,1.4142135623730951,2
0.0,0.0,2
0.0,0.0,2
-2.0,2.8284271247461903,2
1.0,1.4142135623730951,2
0.0,,1
1.0,1.4142135623730951,2
0.0,0.0,2
0.0,,1
0.6666666666666666,1.1547005383792517,3
-0.14285714285714285,0.8997354108424375,7
0.4,0.894427190999916,5
0.0,,1
0.0,,1
0.0,,1
0.8,1.0954451150103321,5
-0.3333333333333333,2.0816659994661326,3
0.0,0.0,2
0.7777777777777778,1.9570552775732024,18
2.0,2.70801280154532,4
0.0,,1
0.6666666666666666,1.1547005383792517,3
0.0,0.0,3
0.0,,1
-2.0,,1
0.08333333333333333,1.442120017518492,24
-0.125,0.3535533905932738,8
1.0,1.0,3
0.0,0.0,2
1.0,1.0,3
0.0,,1
0.5,1.0,4
0.0,,1
-0.6666666666666666,3.2145502536643185,3
0.0,0.0,2
0.0,0.0,3
0.0,,1
0.0,,1
0.0,,1
0.75,1.5,4
0.0,,1
0.0,0.0,2
-1.5,2.1213203435596424,2
0.0,0.0,2
-0.5,0.7071067811865476,2
0.0,0.0,3
0.0,0.0,3
0.3333333333333333,1.5275252316519468,3
0.8333333333333334,2.7141603981096374,6
0.0,,1
0.0,2.8284271247461903,2
0.0,,1
-0.5,0.7071067811865476,2
0.0,,1
2.0,,1
0.0,,1
0.0,,1
0.0,3.0,3
0.0,,1
-1.0,1.0,3
-1.0,,1
1.0,,1
0.3333333333333333,1.5275252316519465,3
0.0,,1
1.0,,1
0.0,0.0,8
-1.0,1.7320508075688772,3
0.0,,1
0.0,,1
0.0,0.0,2
0.0,0.0,2
0.0,,1
0.0,0.0,3
0.0,,1
0.0,,1
0.3333333333333333,0.5163977794943223,6
1.0,2.6457513110645907,3
0.0,,1
0.0,,1
2.0,,1
0.0,,1
-1.1111111111111112,1.7638342073763935,9
-0.6,0.894427190999916,5
-0.5,0.7071067811865476,2
0.3333333333333333,2.0816659994661326,3
-0.125,1.3562026818605375,8
-2.0,1.7320508075688772,3
-0.5,1.0,4
-2.0,,1
0.0,0.0,4
-0.6666666666666666,1.1547005383792517,3
0.0,,1
-1.0,,1
-0.3333333333333333,1.5275252316519468,3
0.0,,1
0.0,,1
0.0,,1
0.0,,1
0.0,,1
-1.0,,1
2.0,,1
1.6666666666666667,2.0816659994661326,3
1.0,1.4142135623730951,2
0.0,,1
0.8,1.6865480854231356,10
0.2,2.04939015319192,5
0.0,,1
-1.0,1.4142135623730951,2
5.0,,1
0.0,,1
0.0,,1
1.3333333333333333,1.1547005383792517,3
0.3333333333333333,2.5166114784235836,3
0.0,0.0,2
0.0,,1
0.0,0.0,2
0.0,,1
0.6666666666666666,1.1547005383792517,3
0.0,,1
2.0,2.8284271247461903,2
0.0,,1
0.0,,1
0.0,,1
0.0,,1
0.0,,1
0.0,0.0,2
0.0,,1
-1.0,,1
1.0,1.4142135623730951,2
0.0,0.0,2
0.0,,1
0.0,,1
0.0,0.0,2
0.0,0.0,2
0.0,0.0,3
-1.5,1.9148542155126764,4
-0.36363636363636365,0.8090398349558905,11
0.0,1.632993161855452,4
0.0,,1
-2.0,,1
0.0,,1
0.0,,1
0.0,,1
0.0,,1
0.0,,1
0.0,0.0,2
0.75,1.0350983390135313,8
0.0,0.0,3
-0.5,1.0,4
-1.1428571428571428,1.864454471471609,7
-2.5,0.7071067811865476,2
-1.0,,1
0.0,,1
2.0,,1
2.0,,1
0.0,0.0,2
0.0,0.0,2
0.0,,1
0.0,,1
0.0,,1
4.0,,1
0.0,0.0,4
1.5,2.1213203435596424,2
0.0,0.0,2
0.0,0.0,2
0.0,0.0,4
0.0,,1
0.0,0.0,2
2.0,,1
0.2222222222222222,0.6666666666666667,9
0.4444444444444444,1.0137937550497031,9
0.0,,1
-0.25,0.5,4
0.0,0.0,2
0.0,,1
0.0,,1
0.0,0.0,2
0.0,,1
0.0,,1
0.0,,1
0.3333333333333333,0.816496580927726,6
0.0,0.0,2
0.0,,1
1.0,1.4142135623730951,2
0.0,0.0,2
2.0,,1
-3.0,,1
0.0,0.0,2
0.0,0.0,2
0.0,,1
1.4,1.140175425099138,5
1.0,1.4142135623730951,2
2.0,0.0,2
0.0,0.0,2
0.0,0.0,2
0.0,,1
1.0,1.4142135623730951,2
-1.0,1.4142135623730951,2
2.0,,1
0.6666666666666666,1.1547005383792517,3
3.0,,1
1.3333333333333333,3.0550504633038935,3
-1.0,1.1547005383792515,4
-0.6,1.429840705968481,10
0.16666666666666666,0.408248290463863,6
0.0,,1
0.5,2.1213203435596424,2
0.0,,1
0.0,,1
0.0,0.0,3
-1.6666666666666667,2.0816659994661326,3
0.0,0.0,4
0.0,,1
0.0,0.0,3
-2.0,,1
-2.0,,1
0.0,,1
0.0,,1
0.0,,1
2.0,,1
0.0,,1
0.0,,1
0.0,,1
0.0,,1
0.0,,1
0.0,,1
4.0,,1
2.0,,1
-2.0,,1
1.0,1.4142135623730951,2
0.6666666666666666,1.1547005383792517,3
0.0,,1
0.0,,1
-1.0,,1
0.5,1.224744871391589,6
0.0,,1
0.0,0.0,2
0.0,,1
1.0,,1
2.0,,1
-2.0,,1
0.0,,1
0.3333333333333333,0.5773502691896258,3
0.0,0.0,4
-0.8333333333333334,0.9831920802501751,6
0.0,0.0,2
-1.0,1.0,3
0.0,,1
1.0,,1
-0.25,0.5,4
0.0,,1
0.0,0.0,7
0.46153846153846156,1.1266014242982163,13
0.0,0.0,2
0.3333333333333333,0.816496580927726,6
-1.0,1.4142135623730951,2
0.0,,1
0.0,,1
0.0,,1
0.0,0.0,2
-1.0,,1
2.0,,1
0.0,,1
-1.0,,1
-0.3333333333333333,0.5773502691896258,3
0.0,,1
0.0,0.0,2
0.0,,1
0.0,,1
0.0,,1
0.0,2.160246899469287,4
0.0,0.0,3
0.0,0.0,3
0.0,0.0,2
0.0,,1
-3.0,,1
-0.2857142857142857,0.7559289460184545,7
0.2,1.0954451150103324,5
0.6,1.429840705968481,10
0.0,2.449489742783178,4
0.0,,1
1.0,1.4142135623730951,2
-1.0,1.4142135623730951,2
0.0,,1
1.5,2.1213203435596424,2
-0.5,2.1213203435596424,2
0.0,,1
-0.3333333333333333,0.5773502691896258,3
-0.5,1.0,4
0.0,0.0,2
0.0,0.0,4
0.0,,1
-2.0,,1
-2.0,,1
-2.0,,1
0.0,,1
0.5,0.7071067811865476,2
2.0,0.0,2
2.0,,1
0.0,,1
0.1111111111111111,0.7817359599705717,9
0.6666666666666666,1.1547005383792517,3
0.0,,1
2.0,,1
-1.5,2.1213203435596424,2
-1.0,,1
0.0,,1
0.0,,1
0.0,,1
0.0,0.0,2
0.0,0.0,2
0.0,2.8284271247461903,2
3.0,1.4142135623730951,2
0.0,,1
0.23529411764705882,1.251469724199605,17
0.0,0.0,5
0.2222222222222222,1.2018504251546631,9
1.0,1.4142135623730951,2
0.0,0.0,3
2.0,,1
1.0,1.4142135623730951,2
0.0,0.0,3
0.4,0.894427190999916,5
0.0,,1
0.5,1.0,4
0.3333333333333333,1.5275252316519468,3
0.0,,1
-2.0,,1
0.0,,1
0.0,0.0,2
-1.0,1.4142135623730951,2
0.0,,1
1.0,1.4142135623730951,2
1.0,1.4142135623730951,2
0.0,,1
0.0,,1
-0.25,0.5,4
0.4,0.894427190999916,5
0.625,1.0606601717798212,8
4.0,,1
0.375,0.7440238091428449,8
0.4375,0.8139410298049854,16
0.75,1.5,4
0.0,,1
-0.6666666666666666,1.1547005383792517,3
1.0,1.4142135623730951,4
0.0,0.0,2
1.0,1.4142135623730951,2
0.0,,1
0.6666666666666666,1.1547005383792517,3
-0.5,0.7071067811865476,2
0.0,,1
0.0,0.0,2
0.0,0.0,2
0.0,0.0,2
0.0,,1
0.0,0.0,2
0.0,,1
-0.3333333333333333,0.5773502691896258,3
1.0,1.4142135623730951,2
0.6,1.577621275493231,10
0.0,0.0,3
1.0,1.4142135623730951,2
0.0,0.0,2
2.0,,1
0.0,0.0,3
2.0,,1
0.0,0.0,4
0.0,,1
1.0,1.4142135623730951,2
0.0,0.0,2
-2.0,,1
-2.0,,1
0.0,,1
0.0,,1
0.0,0.0,3
0.5,0.7071067811865476,2
-2.0,,1
0.0,0.0,2
0.0,0.0,2
-0.3333333333333333,0.5773502691896258,3
3.0,,1
0.0,,1
0.0,,1
0.0,0.0,2
3.0,,1
0.0,0.0,4
0.0,,1
2.0,,1
1.0,1.4142135623730951,5
2.0,,1
-2.0,,1
1.0,1.4142135623730951,2
0.0,,1
2.0,2.8284271247461903,2
1.5,2.1213203435596424,2
0.0,,1
0.0,0.0,2
0.25,1.164964745021435,8
0.0,0.0,3
0.0,,1
0.0,0.0,4
2.0,,1
0.0,,1
1.0,1.4142135623730951,2
-1.0,1.4142135623730951,2
0.0,0.0,2
0.16666666666666666,0.408248290463863,6
0.0,,1
-0.5,1.7320508075688772,4
0.0,,1
-0.5,0.7071067811865476,2
-1.5,2.1213203435596424,2
0.0,0.0,3
1.0,1.7320508075688772,3
0.0,,1
0.0,,1
0.0,2.309401076758503,4
0.0,,1
0.0,0.0,2
2.0,,1
0.0,0.0,2
0.0,0.0,3
-1.0,,1
2.0,,1
0.0,,1
-3.0,,1
0.7,1.636391694484477,10
0.4,0.8944271909999159,5
0.0,,1
-0.6666666666666666,3.0550504633038935,3
2.0,,1
0.0,,1
0.0,,1
0.0,0.0,4
1.5,2.1213203435596424,2
3.0,,1
0.0,,1
0.0,2.0,3
1.5,2.1213203435596424,2
0.0,0.0,2
0.0,,1
0.0,,1
0.0,,1
-2.0,,1
0.2857142857142857,0.7559289460184545,7
0.7777777777777778,1.2018504251546631,9
0.25,2.0615528128088303,4
0.3333333333333333,2.516611478423583,3
0.0,,1
0.0,0.0,4
0.0,,1
0.0,,1
0.0,,1
4.0,,1
0.0,,1
1.3333333333333333,1.5275252316519468,3
1.3333333333333333,1.1547005383792517,3
0.0,,1
0.3333333333333333,0.816496580927726,6
0.0,,1
0.0,0.0,3
-2.0,,1
-0.75,1.5,4
0.0,2.0,3
0.0,,1
-0.5,0.7071067811865476,2
0.0,,1
0.3333333333333333,1.5275252316519468,3
0.0,,1
0.0,0.0,4
0.75,1.5,4
0.0,,1
1.0,1.4142135623730951,2
0.0,0.0,2
0.0,,1
0.0,2.8284271247461903,2
0.0,,1
-1.0,,1
0.0,,1
-1.0,1.4142135623730951,2
0.0,,1
-1.0,,1
0.0,,1
2.0,,1
0.0,,1
-1.0,1.4142135623730951,2
2.0,,1
-2.0,,1
0.0,,1
0.0,,1
-0.15789473684210525,1.1672930649220892,19
0.5555555555555556,1.3333333333333335,9
0.0,,1
0.75,1.164964745021435,8
0.0,,1
0.0,,1
-2.0,0.0,2
-2.0,,1
3.0,,1
0.6666666666666666,1.1547005383792517,3
0.0,0.0,2
0.0,0.0,4
0.25,0.7071067811865476,8
0.2857142857142857,0.7559289460184545,7
-0.6666666666666666,1.1547005383792517,3
0.0,,1
0.3333333333333333,0.5773502691896258,3
2.0,,1
0.75,1.5,4
1.5,0.7071067811865476,2
-0.3333333333333333,2.5166114784235836,3
1.0,1.4142135623730951,2
0.0,,1
1.0,,1
0.0,,1
0.0,,1
-1.0,1.4142135623730951,2
0.6666666666666666,1.1547005383792517,3
0.0,0.0,2
0.0,,1
0.0,,1
0.0,,1
0.0,0.0,3
0.0,,1
0.0,0.0,2
0.0,0.0,2
0.25,0.5,4
0.8888888888888888,2.260776661041756,9
0.0,1.4142135623730951,5
0.0,,1
3.0,,1
1.0,1.0,3
0.0,,1
0.0,,1
0.8571428571428571,1.0690449676496976,7
2.0,,1
2.0,,1
0.0,,1
0.0,,1
0.0,,1
2.0,,1
0.0,0.0,4
0.5,0.8366600265340756,6
0.0,0.0,4
0.0,,1
0.0,,1
-2.0,,1
0.0,,1
0.0,,1
0.0,,1
-2.0,,1
0.0,0.0,4
2.0,2.8284271247461903,2
0.0,,1
0.0,,1
-0.6666666666666666,1.1547005383792517,3
-1.5,1.0,4
0.0,,1
-1.5,1.51657508881031,6
-0.14285714285714285,2.0326997151247235,14
1.5,0.7071067811865476,2
0.09090909090909091,1.1361818036340359,11
-3.0,,1
-1.25,1.5,4
-2.0,2.0,3
0.0,1.9148542155126764,7
1.0,1.7320508075688772,3
0.0,0.0,2
0.0,0.0,2
-0.5,0.7071067811865476,2
0.0,1.0377490433255416,14
-0.3076923076923077,1.4935759876113537,13
2.0,,1
0.14285714285714285,0.8997354108424375,7
-0.6666666666666666,1.1547005383792517,3
0.0,,1
0.0,,1
-1.0,1.7320508075688772,3
0.0,0.0,5
0.0,0.0,4
0.4,0.894427190999916,5
1.0,,1
0.3333333333333333,1.0,9
4.0,,1
0.0,,1
0.0,,1
0.0,,1
-1.0,,1
0.0,,1
0.0,,1
-2.5,0.7071067811865476,2
-0.8,1.6431676725154984,5
0.0,1.3416407864998738,11
1.5,0.7071067811865476,2
0.0,0.0,3
0.0,0.0,2
-1.0,1.0,3
0.6666666666666666,1.1547005383792517,3
-1.0,,1
-0.375,1.0606601717798212,8
0.0,,1
1.6666666666666667,1.5275252316519468,3
-0.5,0.7071067811865476,2
0.0,,1
0.5,1.9148542155126764,4
1.0,1.4142135623730951,2
0.0,,1
0.0,0.0,2
0.0,,1
0.0,1.1547005383792515,7
0.0,0.0,4
0.0,0.0,5
-1.1764705882352942,1.3800042625680118,17
0.0,0.0,2
0.36363636363636365,1.8586407545691706,11
1.0,1.7320508075688772,3
-0.5,2.516611478423583,4
-4.0,,1
0.0,1.0,7
0.0,,1
-1.25,1.5,4
1.0,1.4142135623730951,2
-0.2,1.7888543819998317,5
-0.6666666666666666,1.1547005383792517,3
1.0,1.4142135623730951,2
-1.0,1.4142135623730951,2
0.0,0.0,4
-2.0,,1
-1.0,1.4142135623730951,2
0.0,1.4142135623730951,6
1.6666666666666667,1.5275252316519468,3
0.0,,1
0.0,0.0,2
0.0,0.0,2
0.2,2.280350850198276,5
1.3333333333333333,1.1547005383792517,3
-1.0,1.4142135623730951,2
0.5,0.7071067811865476,2
1.6666666666666667,2.8867513459481287,3
1.0,,1
0.0,1.7320508075688774,7
0.0,,1
2.0,,1
-1.0,1.4142135623730951,2
0.0,,1
0.0,0.0,2
2.0,,1
-0.3333333333333333,0.5773502691896258,3
-3.0,,1
1.0,1.4142135623730951,2
0.0,,1
3.0,,1
-4.0,,1
-2.0,2.8284271247461903,2
0.0,0.0,3
-3.0,,1
-2.0,,1
1.5,0.7071067811865476,2
0.42857142857142855,1.1338934190276817,7
4.0,,1
-0.6666666666666666,1.1547005383792517,3
0.0,0.0,2
1.0,1.1547005383792515,4
-1.0,,1
-0.8,1.0327955589886444,10
0.42857142857142855,1.618347187425374,7
0.6666666666666666,1.1547005383792517,3
0.5,0.7071067811865476,2
0.16666666666666666,1.602081978759722,6
0.0,0.0,3
0.0,0.0,2
0.0,,1
0.0,0.0,7
0.0,0.0,2
0.0,,1
0.0,,1
-0.5,1.224744871391589,6
-1.0,1.2649110640673518,6
-0.14285714285714285,1.4600918230947435,14
0.125,0.3535533905932738,8
0.6666666666666666,1.1547005383792517,3
0.0,0.0,2
0.0,,1
0.0,0.0,2
0.0,,1
0.0,0.0,3
3.0,,1
1.5,2.1213203435596424,2
-2.0,,1
0.0,,1
-1.6666666666666667,2.886751345948129,3
0.0,,1
-0.5,0.7071067811865476,2
0.0,1.4142135623730951,10
-0.4,0.894427190999916,5
1.0,1.4142135623730951,2
0.0,0.0,3
0.0,0.0,2
-0.5,0.7071067811865476,2
1.0,1.4142135623730951,2
-1.0,1.7320508075688772,3
0.5,0.7071067811865476,2
0.0,0.0,2
-0.5,0.7071067811865476,2
0.0,0.0,2
0.0,,1
0.5,1.0,4
-0.25,0.5,4
0.7142857142857143,1.2535663410560174,7
0.0,0.0,2
0.0,0.0,2
0.0,,1
0.0,,1
0.0,0.0,2
0.25,0.5,4
1.0,1.4142135623730951,2
0.0,0.0,2
-0.6666666666666666,1.1547005383792517,3
-1.5,0.7071067811865476,2
1.0,,1
0.0,,1
-4.0,,1
0.5,1.0,4
-0.25,0.5,4
-1.0,,1
1.25,0.9574271077563381,4
1.0,2.0,4
0.0,0.0,3
0.0,,1
0.0,0.0,7
-0.5,1.0,4
0.8571428571428571,2.3157368940873577,14
0.125,0.3535533905932738,8
0.8,1.788854381999832,5
-1.0,1.4142135623730951,2
0.0,,1
-2.25,2.8722813232690143,4
2.0,,1
0.0,0.0,3
-0.5,1.0,4
0.0,,1
-3.0,,1
-2.0,,1
1.0,,1
-0.3333333333333333,3.2041639575194445,6
0.3333333333333333,0.5773502691896258,3
0.0,,1
2.0,,1
0.0,0.0,3
-1.5,2.1213203435596424,2
-2.0,,1
-0.42857142857142855,0.7867957924694432,7
0.0,,1
-0.6666666666666666,1.1547005383792517,3
-1.0,1.4142135623730951,4
0.75,0.9574271077563381,4
-2.0,,1
1.3333333333333333,1.1547005383792517,3
-1.3333333333333333,1.5275252316519468,3
1.0,1.7320508075688772,3
-2.0,,1
0.0,0.0,2
-0.6666666666666666,1.1547005383792517,3
-4.0,,1
-1.0,,1
0.0,0.0,2
0.0,0.0,3
-0.6666666666666666,1.1547005383792517,3
0.0,,1
0.0,2.0,3
2.0,,1
0.0,0.0,2
0.5,0.7071067811865476,2
0.0,0.0,4
0.0,,1
4.0,,1
0.0,,1
2.0,,1
-2.0,,1
-0.6666666666666666,1.1547005383792517,3
-0.5,0.9258200997725514,8
0.0,2.0,3
-1.0,1.7320508075688772,3
-2.0,,1
-1.0,1.4142135623730951,2
0.6666666666666666,1.1547005383792517,3
0.0,,1
3.0,,1
0.0,,1
0.42857142857142855,1.618347187425374,7
0.3333333333333333,2.5166114784235836,3
1.0,1.4142135623730951,2
-0.5,0.7071067811865476,2
0.0,2.8284271247461903,2
-1.0,,1
-0.2857142857142857,1.7043362064926932,7
-2.0,,1
0.0,,1
0.0,,1
0.0,0.0,2
1.0,1.4142135623730951,2
0.0,,1
-0.5,1.0,4
0.0,0.0,2
0.0,,1
0.0,0.0,3
0.0,,1
1.5,0.7071067811865476,2
-0.3333333333333333,0.5773502691896258,3
0.3333333333333333,0.5773502691896258,3
1.0,1.0954451150103321,6
0.0,,1
3.0,,1
0.0,0.0,3
-2.0,,1
0.0,,1
0.0,0.0,2
0.0,0.0,3
2.0,,1
0.0,2.0,3
1.2857142857142858,1.2535663410560174,7
1.5,2.1213203435596424,2
1.3333333333333333,1.632993161855452,6
-0.7142857142857143,1.1126972805283735,7
1.0,1.4142135623730951,2
0.0,0.0,3
0.2,1.7888543819998317,5
0.0,,1
0.0,,1
0.0,,1
0.0,,1
0.0,0.0,2
-0.15384615384615385,1.214231845389905,13
0.0,,1
0.0,,1
0.0,,1
0.0,,1
0.0,0.0,3
2.5,0.7071067811865476,2
-0.5,0.7071067811865476,2
0.14285714285714285,1.4638501094227998,7
0.6666666666666666,1.1547005383792517,3
0.0,,1
1.0,1.4142135623730951,2
0.0,0.0,2
0.0,0.0,2
0.25,0.5,4
4.0,,1
1.0,1.0,5
0.8,1.3038404810405297,5
0.5,0.7071067811865476,2
2.0,,1
0.0,,1
0.0,,1
0.6666666666666666,1.0327955589886446,6
0.0,,1
0.0,0.0,2
0.0,,1
0.0,0.0,2
0.0,0.0,2
0.0,,1
0.0,,1
0.75,0.9574271077563381,4
0.0,0.0,3
-0.2727272727272727,0.7862453931068966,11
-0.3333333333333333,0.5773502691896258,3
0.8,1.0954451150103321,5
0.0,0.7071067811865476,5
0.6666666666666666,1.1547005383792517,3
-0.5,2.1213203435596424,2
-1.0,1.4142135623730951,2
0.0,0.0,3
0.5,1.0,4
0.0,0.0,3
0.6666666666666666,1.1547005383792517,3
0.0,0.0,2
-0.3,1.888562063228706,10
-0.625,1.0606601717798212,8
1.0,3.0,5
-0.625,1.1877349391654208,8
-0.5,1.0,4
1.3333333333333333,2.3094010767585034,3
0.0,,1
2.0,,1
0.0,,1
0.0,,1
0.0,0.0,2
-1.0,1.7320508075688772,3
0.0,,1
0.0,0.0,3
0.0,,1
0.0,,1
-1.0,2.8284271247461903,2
2.0,2.8284271247461903,2
0.0,,1
0.0,,1
0.0,,1
-1.0,1.1547005383792515,4
2.0,0.0,2
0.75,0.9574271077563382,4
1.3333333333333333,1.1547005383792517,3
-1.0,4.242640687119285,2
-0.75,0.9574271077563381,4
0.0,,1
0.6666666666666666,1.1547005383792517,3
0.0,,1
0.0,,1
0.0,,1
0.0,0.0,2
2.0,,1
0.5,0.7071067811865476,2
0.0,0.0,2
2.0,,1
0.0,,1
3.6666666666666665,3.7859388972001824,3
3.0,1.4142135623730951,2
0.0,,1
1.5,2.1213203435596424,2
0.0,0.0,2
0.0,0.0,2
1.2222222222222223,1.5634719199411433,9
0.0,0.0,3
0.0,,1
0.0,,1
0.0,0.0,2
0.0,,1
1.5,1.9148542155126762,4
0.0,0.0,3
0.0,,1
-0.3333333333333333,0.5773502691896258,3
0.0,,1
-0.25,0.5,4
-1.0,1.4142135623730951,2
-1.0,,1
3.0,1.4142135623730951,2
0.0,1.8708286933869707,5
0.0,,1
0.0,0.0,2
-1.0,2.0,4
-0.25,0.7071067811865476,8
-2.0,,1
-3.0,,1
0.0,,1
0.0,,1
0.0,,1
0.0,,1
1.0,1.4142135623730951,2
0.6363636363636364,1.8586407545691703,11
0.0,0.0,2
0.0,0.0,2
5.0,,1
0.0,0.0,2
0.0,0.0,4
-2.0,,1
-1.5,0.7071067811865476,2
-1.0,1.4142135623730951,2
0.0,0.0,2
2.0,,1
2.0,2.449489742783178,4
0.0,0.0,2
0.0,,1
0.0,0.0,2
2.0,,1
0.0,0.0,3
-0.5,0.7071067811865476,2
0.0,,1
0.0,,1
0.0,0.0,2
-0.5,1.0,4
-0.125,1.3601470508735443,16
-1.0,1.4142135623730951,2
0.0,,1
0.0,,1
0.0,,1
0.3333333333333333,0.5773502691896258,3
-0.3333333333333333,0.5773502691896258,3
1.5,2.1213203435596424,2
0.0,,1
0.0,,1
0.0,,1
0.0,0.0,3
0.0,,1
0.0,,1
1.0,1.4142135623730951,2
0.0,0.0,2
2.0,,1
1.5,2.1213203435596424,2
2.0,,1
1.0,1.4142135623730951,2
-1.0,,1
2.0,,1
0.16666666666666666,0.408248290463863,6
0.0,0.0,5
0.0,,1
0.0,,1
0.0,,1
0.0,0.0,2
2.0,,1
0.0,,1
0.5,0.7071067811865476,2
1.0,3.0983866769659336,6
-0.2857142857142857,1.3801311186847085,7
0.0,0.0,2
0.0,,1
0.0,,1
-1.0,,1
1.0,1.4142135623730951,2
3.0,,1
-1.0,1.0,3
1.25,2.217355782608345,4
-0.5,1.0,4
-2.0,,1
-0.3333333333333333,1.5275252316519468,3
0.0,0.0,2
0.0,,1
0.0,,1
0.5,0.7071067811865476,2
0.0,0.0,2
0.0,0.0,3
-0.3333333333333333,0.816496580927726,6
0.0,0.0,2
1.0,1.4142135623730951,2
-0.5,0.7071067811865476,2
-1.0,1.4142135623730951,2
1.0,,1
0.4,0.894427190999916,5
0.0,0.0,2
0.0,,1
0.4,0.894427190999916,5
2.6666666666666665,1.1547005383792515,3
2.0,,1
0.0,,1
0.0,0.0,2
0.0,,1
-1.0,,1
0.0,0.0,2
0.0,,1
2.0,,1
1.0,1.7320508075688772,3
0.0,0.0,2
2.0,0.0,2
0.0,,1
0.0,,1
2.0,,1
1.0,,1
0.0,2.8284271247461903,2
2.5,2.1213203435596424,2
0.0,,1
0.0,,1
1.0,1.4142135623730951,2
0.0,,1
0.6666666666666666,1.1547005383792517,3
0.0,,1
0.0,,1
0.0,,1
0.0,0.0,4
1.5,1.8516401995451028,8
-0.75,1.5,4
-1.5,0.7071067811865476,2
-0.4,0.8944271909999159,5
0.0,,1
3.0,,1
0.0,,1
-0.6666666666666666,3.0550504633038935,3
2.0,,1
0.0,,1
0.0,,1
-1.0,,1
2.0,,1
0.6666666666666666,1.1547005383792517,3
0.0,0.0,2
0.0,,1
0.0,,1
2.0,2.8284271247461903,2
0.4,0.894427190999916,5
0.0,0.0,2
-0.6666666666666666,1.1547005383792517,3
0.0,,1
0.0,0.0,2
-0.3333333333333333,0.5773502691896258,3
-2.0,,1
1.3333333333333333,1.1547005383792517,3
0.0,,1
0.0,,1
0.0,,1
0.0,,1
1.0,,1
0.0,0.0,2
0.0,0.0,2
0.0,0.0,3
-1.5,0.7071067811865476,2
0.0,,1
-2.0,,1
1.2,1.0954451150103321,5
1.0,1.4142135623730951,2
0.5,0.7071067811865476,2
0.3333333333333333,0.5773502691896258,3
0.4,0.8432740427115678,10
0.5,2.1213203435596424,2
1.0,1.4142135623730951,2
0.0,,1
0.0,2.0,3
2.0,,1
0.0,,1
2.5,0.7071067811865476,2
0.0,,1
1.0,,1
-1.25,1.5,4
3.0,,1
-0.3333333333333333,1.505545305418162,6
1.2857142857142858,1.3801311186847085,7
0.75,0.9574271077563381,4
1.6,1.140175425099138,5
0.0,,1
1.5,2.1213203435596424,2
0.5,0.7071067811865476,2
-1.3333333333333333,1.1547005383792517,3
-2.0,,1
0.0,,1
0.4,0.8944271909999159,5
-2.0,,1
0.0,0.0,4
0.0,,1
-0.25,1.3887301496588271,8
4.0,,1
-2.0,,1
0.0,,1
0.0,,1
0.0,,1
0.0,,1
0.0,0.0,3
0.8333333333333334,1.403458930534474,12
-0.5,0.7071067811865476,2
0.0,1.4142135623730951,5
0.0,,1
-1.5,2.1213203435596424,2
-2.6,3.1304951684997055,5
0.0,,1
0.6,1.2649110640673518,10
0.0,0.0,2
-0.5,3.5355339059327378,2
0.0,,1
-2.0,,1
-0.75,1.5,4
0.0,0.0,3
0.0,,1
3.0,,1
2.0,2.8284271247461903,2
0.0,,1
0.0,0.0,2
0.0,0.0,3
0.0,0.0,2
0.0,,1
-1.0,1.4142135623730951,2
0.0,,1
0.6666666666666666,1.1547005383792517,3
-0.5,0.7071067811865476,2
0.0,0.0,2
0.875,1.246423454758225,8
0.8333333333333334,1.7224014243685084,6
1.0,1.4142135623730951,2
0.0,,1
-0.5,0.7071067811865476,2
0.0,,1
1.25,0.9574271077563381,4
3.0,,1
1.6666666666666667,2.8867513459481287,3
6.0,,1
0.0,,1
0.0,,1
0.0,,1
-0.5,0.7071067811865476,2
0.0,0.0,2
1.0,0.0,2
0.0,,1
0.0,0.0,2
2.0,2.8284271247461903,2
1.0,,1
1.0,3.0,3
0.4,0.894427190999916,5
4.0,,1
1.3333333333333333,1.1547005383792517,3
0.0,,1
0.0,0.0,3
0.0,,1
0.0,,1
0.0,,1
0.0,,1
1.2,2.6832815729997477,5
0.0,,1
0.0,0.9428090415820634,10
-0.5,1.0,4
0.6666666666666666,1.1547005383792517,3
2.0,,1
0.0,,1
-2.0,,1
2.0,,1
0.0,0.0,2
0.0,,1
1.0,,1
1.0,2.23606797749979,5
0.6666666666666666,1.1547005383792517,3
0.0,,1
0.0,,1
2.0,0.0,2
0.0,,1
2.0,,1
0.0,,1
1.0,,1
0.0,2.0,3
0.0,,1
2.0,0.0,2
1.8333333333333333,1.4719601443879744,6
1.0,2.0,4
2.0,3.605551275463989,3
0.6666666666666666,0.5773502691896258,3
5.0,,1
-3.0,,1
0.0,,1
-5.0,,1
0.0,0.0,2
0.0,,1
0.0,0.0,2
2.0,,1
0.75,2.052872551885702,8
1.0,,1
0.6666666666666666,1.1547005383792517,3
2.0,,1
1.0,1.4142135623730951,2
0.0,0.0,2
0.0,,1
-3.0,,1
-1.0,1.4142135623730951,2
2.0,,1
1.3333333333333333,2.3094010767585034,3
0.0,,1
-0.6666666666666666,2.3094010767585034,3
0.0,,1
2.5,0.7071067811865476,2
0.0,,1
2.0,0.0,2
1.0,,1
1.5,0.7071067811865476,2
1.0,1.4142135623730951,2
2.0,,1
2.0,,1
0.0,,1
0.0,,1
0.0,0.0,2
0.8,1.9888578520235063,10
-1.5,2.1213203435596424,2
0.0,,1
0.0,,1
0.0,,1
-0.5714285714285714,1.9880595947760098,7
1.0,,1
0.0,,1
0.6666666666666666,1.1547005383792517,3
1.0,,1
0.0,,1
-2.5,3.5355339059327378,2
2.0,,1
0.0,0.0,3
0.0,,1
3.0,2.8284271247461903,2
0.0,,1
0.0,,1
0.0,,1
1.0,1.4142135623730951,2
1.0,1.4142135623730951,2
0.0,0.0,2
1.0,1.4142135623730951,2
-1.0,,1
-1.0,1.7320508075688772,3
-0.2,1.788854381999832,5
3.0,,1
-1.25,1.5,4
0.8,1.3038404810405297,5
0.0,0.0,2
0.0,,1
2.0,,1
0.0,,1
0.0,,1
0.0,,1
0.0,0.0,2
0.0,,1
0.0,,1
0.07692307692307693,1.0377490433255416,13
0.3333333333333333,2.516611478423583,3
0.0,,1
0.0,,1
0.0,0.0,2
0.0,,1
1.0,,1
0.0,,1
-2.0,,1
0.5,0.7071067811865476,2
1.0,1.4142135623730951,2
0.0,0.0,2
0.0,,1
0.0,,1
0.5,0.7071067811865476,2
0.0,,1
0.0,,1
0.0,,1
0.5,0.8366600265340756,6
0.0,,1
0.0,,1
0.0,,1
0.0,1.632993161855452,4
1.4285714285714286,1.5118578920369088,7
0.0,,1
1.0,,1
0.0,,1
-1.0,1.4142135623730951,2
0.0,,1
-0.18181818181818182,1.9908883353006928,11
0.0,,1
0.0,0.0,2
0.0,,1
0.625,0.9161253813129043,8
-0.5,1.2909944487358056,4
-1.0,,1
1.0,1.4142135623730951,2
0.0,0.0,2
1.25,1.5,4
0.0,,1
3.0,,1
0.0,,1
-1.0,1.4142135623730951,2
0.0,,1
1.0,1.4142135623730951,2
2.0,,1
0.5,0.7071067811865476,2
0.0,0.0,3
0.0,,1
0.0,,1
0.0,0.0,2
0.25,0.5,4
2.0,,1
1.0,,1
0.0,,1
0.0,,1
0.0,,1
-1.0,1.4142135623730951,2
2.0,,1
0.0,0.0,2
0.3333333333333333,0.5773502691896258,3
0.0,,1
1.0,1.4142135623730951,2
0.0,,1
0.0,,1
1.0,1.4142135623730951,2
-2.0,,1
2.0,,1
0.6666666666666666,1.556997888323046,12
2.0,2.8284271247461903,2
0.0,,1
0.0,0.0,2
2.5,3.5355339059327378,2
0.0,0.0,3
0.0,,1
0.0,,1
0.0,,1
0.0,,1
0.0,,1
-5.0,,1
0.0,0.0,2
-2.0,0.0,2
0.0,,1
5.0,,1
1.0,,1
1.0,,1
-1.0,,1
3.0,,1
0.0,,1
-2.0,2.8284271247461903,2
3.0,,1
1.3333333333333333,2.3094010767585034,3
2.0,,1
1.0,1.4142135623730951,2
0.0,,1
0.0,0.0,2
0.0,,1
0.3333333333333333,1.5275252316519468,3
0.0,,1
4.0,,1
0.0,,1
1.0,1.4142135623730951,2
0.0,,1
0.3333333333333333,1.5275252316519468,3
0.0,,1
0.0,,1
1.0,1.4142135623730951,5
-2.0,,1
-2.0,,1
0.0,,1
6.0,,1
0.0,,1
0.0,0.0,2
2.0,,1
0.0,,1
0.0,,1
0.5,0.7071067811865476,2
-1.0,,1
-2.0,,1
2.0,,1
0.0,0.0,3
0.0,,1
2.0,,1
0.25,0.5,4
1.5,2.1213203435596424,2
0.0,0.0,2
0.0,,1
0.5,0.7071067811865476,2
-3.0,,1
0.0,,1
0.0,,1
2.3333333333333335,2.516611478423583,3
1.0,1.4142135623730951,2
0.0,,1
-4.0,,1
0.0,,1
0.0,,1
0.0,0.0,2
0.0,,1
-0.5,1.0,4
4.0,,1
0.0,0.0,2
0.0,,1
0.0,,1
0.0,0.0,6
0.0,,1
2.0,,1
-1.0,1.4142135623730951,2
2.0,1.4142135623730951,4
1.3,2.0027758514399734,10
0.2,1.0954451150103321,5
-1.0,,1
-2.0,,1
0.0,,1
0.0,,1
1.0,1.4142135623730951,2
-1.0,,1
1.0,,1
2.0,,1
-0.5,0.7071067811865476,2
-2.0,0.0,2
3.0,0.0,2
0.0,,1
0.0,0.0,2
-2.0,,1
0.0,,1
2.0,0.0,2
-1.0,,1
1.5,2.1213203435596424,2
-1.0,1.4142135623730951,2
0.0,,1
0.0,,1
4.0,,1
-1.25,0.9574271077563381,4
5.0,,1
0.0,,1
-0.75,1.5,4
1.0,,1
0.0,,1
0.0,,1
-2.0,,1
0.0,,1
0.0,,1
0.0,,1
-0.6666666666666666,3.0550504633038935,3
-0.5,1.6431676725154982,6
-1.0,1.4142135623730951,2
0.0,0.0,3
0.0,,1
0.0,,1
-2.0,1.4142135623730951,4
2.0,2.8284271247461903,2
1.6666666666666667,1.5275252316519465,3
0.0,0.0,5
-0.3333333333333333,1.5275252316519468,3
0.0,,1
-1.0,1.4142135623730951,2
5.0,,1
-2.0,,1
3.0,,1
0.0,0.0,2
0.0,0.0,2
0.0,,1
0.0,0.0,2
-1.0,,1
-0.25,2.0615528128088303,4
-0.8888888888888888,2.7131367660166177,9
0.16666666666666666,0.752772652709081,6
0.0,2.8284271247461903,2
0.6666666666666666,1.1547005383792517,3
5.0,,1
0.0,,1
0.25,0.5,4
0.0,0.0,3
-1.6666666666666667,3.214550253664318,3
-0.3333333333333333,0.5773502691896258,3
0.0,0.0,2
0.0,,1
-1.0,,1
2.0,,1
0.0,,1
0.0,,1
0.0,0.0,5
0.0,,1
0.0,,1
0.38461538461538464,0.869718492622904,13
1.0,,1
1.0,1.4142135623730951,2
2.0,,1
0.0,,1
-2.0,,1
0.0,,1
2.0,,1
-0.6,0.894427190999916,5
0.3333333333333333,1.5275252316519468,3
0.0,,1
-0.5,0.7071067811865476,2
0.4,1.6733200530681511,5
0.0,,1
0.0,,1
0.0,,1
-1.3333333333333333,2.3094010767585034,3
1.3333333333333333,1.1547005383792517,3
0.0,,1
0.0,,1
0.0,2.8284271247461903,2
-2.5,3.5355339059327378,2
1.0,,1
2.5,0.7071067811865476,2
0.6666666666666666,1.1547005383792517,3
0.0,,1
0.0,0.0,2
-2.0,,1
0.0,0.0,2
0.0,,1
0.0,0.0,3
0.0,,1
-1.75,2.362907813126304,4
-0.5,0.7071067811865476,2
0.3333333333333333,0.5773502691896258,3
0.6666666666666666,1.505545305418162,6
-2.0,,1
-4.0,,1
0.0,,1
2.0,,1
0.0,,1
0.0,,1
-2.0,,1
-1.0,,1
0.0,,1
0.0,,1
0.5,0.7071067811865476,2
1.5,3.5355339059327378,2
0.0,,1
0.0,,1
2.0,,1
0.0,,1
2.0,,1
0.5,3.5355339059327378,2
3.3333333333333335,0.5773502691896258,3
0.0,,1
0.0,,1
-3.0,,1
0.0,,1
2.0,,1
-1.0,,1
-0.8,1.6431676725154984,5
0.5,1.51657508881031,6
0.0,,1
0.0,,1
0.0,0.0,2
0.0,,1
-2.0,,1
2.0,1.4142135623730951,2
0.0,,1
2.0,,1
0.0,0.0,2
0.0,0.0,3
0.0,,1
1.5,2.1213203435596424,2
0.0,,1
0.0,,1
0.0,,1
0.0,,1
0.0,,1
0.0,,1
0.0,,1
2.0,,1
-0.5,0.7071067811865476,2
-0.6666666666666666,1.1547005383792517,3
0.0,,1
0.0,,1
0.0,,1
-4.0,,1
2.0,0.0,2
-0.125,1.3562026818605375,8
0.0,,1
0.0,,1
4.0,,1
-0.5,0.7071067811865476,2
-0.5,0.7071067811865476,2
0.0,,1
-1.3333333333333333,1.1547005383792517,3
0.0,,1
0.0,,1
0.0,,1
-0.3333333333333333,0.5773502691896258,3
0.0,,1
1.0,1.4142135623730951,2
-1.0,,1
-0.5,0.7071067811865476,2
-2.5,0.7071067811865476,2
0.0,,1
2.0,,1
0.0,,1
0.0,,1
0.0,,1
1.0,1.4142135623730951,2
2.0,,1
-1.0,,1
0.0,,1
3.0,,1
-2.0,,1
-0.6666666666666666,1.1547005383792517,3
-0.25,1.707825127659933,4
0.0,0.0,2
0.0,,1
-0.6666666666666666,1.1547005383792517,3
0.0,,1
-4.0,,1
0.0,,1
1.0,,1
2.0,,1
0.0,,1
0.8,1.1352924243950935,10
1.0,1.4142135623730951,2
0.0,,1
-1.0,1.0,3
0.0,,1
-3.0,,1
0.0,0.0,3
-0.6666666666666666,1.1547005383792517,3
0.0,,1
-0.5,0.7071067811865476,2
2.0,,1
1.0,1.4142135623730951,2
-2.0,,1
-1.0,0.0,2
0.0,,1
0.0,0.0,3
0.0,0.0,2
-2.0,,1
0.0,,1
0.0,0.0,3
0.0,,1
-1.0,1.4142135623730951,2
0.0,,1
0.0,2.0,3
0.0,,1
0.75,0.9574271077563381,4
1.0,1.4142135623730951,2
0.0,0.0,3
0.0,,1
0.5,0.7071067811865476,2
-1.0,,1
0.5,2.516611478423583,4
0.0,,1
0.0,0.0,3
0.75,0.9574271077563381,4
0.6666666666666666,1.0327955589886444,6
2.5,0.7071067811865476,2
-0.3333333333333333,0.5773502691896258,3
0.0,,1
0.0,0.0,3
-0.3333333333333333,0.5773502691896258,3
0.0,,1
0.25,1.2583057392117916,4
1.0,,1
0.0,,1
3.0,,1
0.6666666666666666,1.1547005383792517,3
0.0,0.0,2
0.0,0.0,3
0.0,,1
-2.0,,1
1.5,0.7071067811865476,2
0.0,0.0,2
-0.5,0.7071067811865476,2
1.0,1.7320508075688772,3
0.0,,1
0.0,,1
-1.0,1.4142135623730951,2
-2.0,0.0,2
0.0,,1
0.3333333333333333,0.816496580927726,6
0.0,0.0,3
0.0,,1
0.5,0.7071067811865476,2
0.0,,1
-1.0,,1
3.0,,1
0.0,0.0,2
0.0,1.8708286933869707,5
-0.75,1.5,4
-0.6666666666666666,1.1547005383792517,3
1.5,3.415650255319866,4
0.0,,1
0.0,,1
0.0,,1
-2.0,,1
0.0,,1
-1.0,1.4142135623730951,2
-1.0,1.4142135623730951,2
0.0,,1
-0.5,0.7071067811865476,2
0.0,,1
0.0,,1
0.0,0.0,3
0.0,,1
0.0,0.0,2
-3.0,,1
0.0,,1
0.0,,1
-2.0,,1
0.0,0.0,3
0.7777777777777778,1.986062547968831,9
2.2,3.8987177379235853,5
0.3333333333333333,0.816496580927726,6
-2.0,2.8284271247461903,2
0.0,,1
