Date,mean_sentiment,std_sentiment,daily_volume,daily_return
2005-01-03,-0.5,0.7071067811865476,2,-0.018394706271058547
2005-01-06,0.0,0.0,3,0.02797212612222122
2005-01-07,0.0,0.0,4,0.01530629828298502
2005-01-11,-0.3333333333333333,0.5773502691896258,3,-0.01848727281389817
2005-01-18,-1.0,1.4142135623730951,2,-0.011986125878687193
2005-01-19,-0.5,0.7071067811865476,2,-0.005199462752568773
2005-01-24,0.0,0.0,2,0.008834155238062857
2005-01-26,0.0,0.0,2,-0.005217355634672849
2005-01-28,0.3333333333333333,0.816496580927726,6,0.04561391477537158
2005-01-31,-0.25,0.5,4,0.020134184544298606
2005-02-02,-1.5,2.1213203435596424,2,0.0016528812169511742
2005-02-03,0.0,0.0,2,-0.009901104984439968
2005-02-08,0.0,0.0,2,0.016474446096450768
2005-02-18,-0.2,0.4472135954999579,5,-0.007898579240631864
2005-02-21,0.3333333333333333,0.5773502691896258,3,0.006369294223517397
2005-03-01,-0.4,0.8944271909999159,5,0.02724358348698419
2005-03-02,0.0,0.0,2,-0.004680155675229725
2005-03-23,-0.6666666666666666,1.1547005383792517,3,-0.006163643435088351
2005-04-15,0.0,0.0,3,-0.002940966797427058
2005-04-19,0.0,0.0,2,0.0014947023974820617
2005-04-28,-0.125,0.3535533905932738,8,-0.10401190404812177
2005-04-29,-0.6,1.3416407864998738,5,-0.03316756648827579
2005-05-04,0.0,0.0,2,0.023809400160619942
2005-05-06,0.0,0.0,3,0.013289176176512152
2005-05-13,1.6666666666666667,0.5773502691896257,3,0.0
2005-05-20,0.0,0.0,4,0.0033002744994790056
2005-06-01,0.0,0.0,2,0.01768489817158936
2005-06-16,1.0,1.4142135623730951,2,0.0016314273031901028
2005-06-17,0.6666666666666666,1.1547005383792517,3,0.02117267893602426
2005-07-22,0.0,0.0,2,0.0015947387622750053
2005-08-03,0.0,0.0,3,0.026645703990372693
2005-08-11,0.0,0.0,4,-0.013803575541557533
2005-08-23,-0.6666666666666666,1.1547005383792517,3,-0.0152208555350829
2005-09-01,1.5,2.1213203435596424,2,0.011235984559580192
2005-09-02,-0.5,0.7071067811865476,2,0.0015874046280548448
2005-09-05,0.0,0.0,2,0.009508727690357377
2005-09-09,-0.4,1.6733200530681511,5,-0.01255891310799695
2005-09-21,0.5,1.0,4,0.0048627300841896925
2005-09-22,0.0,0.0,3,-0.009677605185194671
2005-09-23,0.0,2.8284271247461903,2,-0.006514725093982876
2005-09-26,0.0,0.0,3,-0.01311489009154998
2005-10-11,0.0,0.0,2,-0.012441724600728565
2005-10-27,-0.6666666666666666,1.9663841605003503,6,0.01800301186593778
2005-10-28,-1.3333333333333333,1.7511900715418263,6,0.01125422535347087
2005-10-31,0.6666666666666666,0.5773502691896258,3,0.014308313608051737
2005-11-07,0.8,1.3038404810405297,5,0.024390505438164123
2005-11-08,0.25,0.5,4,0.007440797508601049
2005-12-02,-1.3333333333333333,2.3094010767585034,3,-0.017216511653596833
2005-12-08,-0.5,0.7071067811865476,2,0.007153464311546731
2005-12-20,-2.0,2.8284271247461903,2,-0.0014408584492896503
2005-12-21,0.0,0.0,3,-0.014430240722233534
2006-01-05,-0.6,0.8944271909999159,5,-0.015602766554609904
2006-01-18,-1.5,2.1213203435596424,2,-0.007267517316378758
2006-01-20,-1.3333333333333333,1.1547005383792517,3,-0.004379766924023087
2006-01-23,0.5,1.0,4,-0.007330896577254498
2006-01-26,0.0,0.0,3,0.0
2006-01-27,-0.7777777777777778,0.97182531580755,9,-0.008746604347627418
2006-01-30,0.5714285714285714,0.9759000729485332,7,0.024999941862278607
2006-01-31,0.0,0.0,2,-0.012912305506085464
2006-02-03,-0.6666666666666666,1.1547005383792517,3,-0.002828729731749635
2006-02-07,0.0,0.0,2,-0.001414133483248703
2006-02-20,0.0,0.0,2,0.0
2006-02-24,-2.0,0.0,2,0.005509473240039364
2006-03-03,0.0,0.0,3,0.00539809427513549
2006-03-27,1.0,0.816496580927726,4,0.012953390919402175
2006-03-30,0.0,0.0,2,-0.008951552715434907
2006-03-31,0.5,0.7071067811865476,2,-0.011612599987332328
2006-04-03,0.0,0.0,2,0.018276707543894544
2006-04-05,0.5,1.224744871391589,6,0.02445315658769487
2006-04-06,0.5714285714285714,1.511857892036909,7,0.01884428503021529
2006-04-07,0.0,0.0,2,-0.02589384584243437
2006-04-20,2.5,3.5355339059327378,2,-0.009020351200396348
2006-04-28,0.0,0.0,5,-0.00259729564664013
2006-05-26,0.0,0.0,2,0.004149466265051416
2006-06-19,1.0,1.4142135623730951,2,0.014534828865922833
2006-07-11,-0.5,0.7071067811865476,2,0.006756367823751663
2006-07-28,0.0,0.0,2,0.0013831059543749635
2006-07-31,2.0,2.0,3,-0.005524856556462954
2006-08-01,0.0,0.0,3,0.011111174858670969
2006-08-02,0.5,1.0801234497346435,10,0.07554939102952396
2006-08-03,-0.5,1.0,4,0.008940256917794986
2006-08-04,2.5,2.1213203435596424,2,0.00759475739748483
2006-09-14,-0.6,0.5477225575051661,5,0.011533733903879684
2006-09-15,0.75,1.5,4,-0.009121693312004076
2006-09-25,-0.5,0.7071067811865476,2,0.012895726587753842
2006-10-06,0.0,0.0,5,-0.023094540718761047
2006-10-10,0.6666666666666666,1.1547005383792517,3,0.038062287162736075
2006-10-13,0.6,1.3416407864998738,5,-0.007692430133263373
2006-10-18,1.0,1.4142135623730951,2,0.013303455801002118
2006-10-19,-0.6666666666666666,1.1547005383792517,3,0.0021883872494570245
2006-10-26,0.0,0.0,2,-0.02054059070016967
2006-10-27,-0.5,0.9258200997725515,8,-0.03532005170035868
2006-10-30,0.0,0.0,3,0.0022883577520582676
2006-11-02,-1.0,1.4142135623730951,2,-0.0022343050187495495
2006-11-08,1.0,1.4142135623730951,2,-0.011136052916055461
2006-11-09,-2.0,0.0,2,0.013513620461947928
2006-11-10,0.0,0.0,2,-0.020000245585364618
2006-11-14,0.0,0.0,2,0.003389842221184658
2006-11-17,0.0,0.0,4,0.0
2006-11-20,-1.3333333333333333,1.1547005383792517,3,0.0
2006-11-24,0.0,0.0,3,-0.005580037457309728
2006-11-30,0.0,0.0,5,-0.002296116422631056
2006-12-01,1.0,1.4142135623730951,2,-0.0023015241756035865
2006-12-04,0.0,0.0,2,0.0276818152707905
2006-12-06,-1.0,1.4142135623730951,4,-0.020451803767553067
2006-12-07,-0.5,1.0,4,-0.002197887712120483
2006-12-08,0.0,0.0,3,0.006607596360681756
2006-12-15,0.5,1.0,4,0.023504395238458153
2006-12-18,-0.25,0.5,4,0.0
2006-12-22,0.0,0.0,2,0.02141343071180679
2006-12-27,1.0,1.4142135623730951,2,-0.012578772675823635
2007-01-09,2.0,2.6457513110645907,3,0.025263244443721522
2007-01-15,-1.0,1.0,5,0.015673980488303707
2007-01-19,0.0,0.0,4,0.007292008598320132
2007-01-22,-1.5,2.1213203435596424,2,0.017579885344618074
2007-01-25,0.0,0.0,2,-0.013374293671495341
2007-01-29,1.0,1.4142135623730951,2,-0.006276283522539172
2007-01-30,-1.0,1.7320508075688772,3,-0.008421269717356683
2007-01-31,0.05263157894736842,0.8481145238787243,19,0.0467093756923036
2007-02-01,0.2857142857142857,1.2535663410560174,7,0.014198686283366735
2007-02-16,0.0,0.0,2,-0.0019047342660672983
2007-02-21,0.0,0.0,2,-0.017340791306946324
2007-02-26,-0.6363636363636364,1.2862913567871996,11,-0.05360609726140464
2007-02-27,0.0,0.0,2,-0.011328584304868716
2007-02-28,0.75,1.5,4,0.010416516482181448
2007-03-01,0.0,0.0,3,-0.02061837310626402
2007-03-13,0.0,0.0,3,-0.0020705592304698373
2007-03-23,0.75,1.5,4,0.005975942708279058
2007-03-26,-0.2,0.447213595499958,5,-0.013861242916848093
2007-04-11,0.0,0.0,3,0.003824196517492995
2007-04-17,0.0,0.0,2,0.005607729454470967
2007-04-19,-1.0,0.0,2,0.018181833908271994
2007-04-23,1.0,1.4142135623730951,2,-0.00359057227094306
2007-04-24,1.0,1.4142135623730951,2,-0.018018221368869436
2007-04-26,0.0,0.0,2,-0.0018348155820243628
2007-05-01,0.0,0.0,5,0.0018623467833422946
2007-05-02,0.42857142857142855,0.9376144618769908,14,0.07620828746299058
2007-05-03,0.75,1.5,4,-0.005181578929109976
2007-05-11,-0.5,0.7071067811865476,2,0.0
2007-05-31,0.0,0.0,2,0.010398715129511293
2007-06-15,0.0,0.0,2,-0.006944359049232296
2007-06-21,0.3333333333333333,1.505545305418162,6,0.04778760631430057
2007-06-25,0.0,0.0,3,-0.013582444276386552
2007-07-02,1.0,1.4142135623730951,2,0.00499995991574731
2007-07-03,0.0,0.0,2,0.024875423458556423
2007-07-04,0.0,0.0,2,-0.021035406467589057
2007-07-13,0.0,0.0,2,0.003372684738880194
2007-07-24,2.0,2.8284271247461903,2,-0.00671141534822306
2007-07-30,0.0,0.0,5,0.021352331241697442
2007-07-31,1.0,1.4142135623730951,2,0.0017419315033044835
2007-08-01,0.0,0.0,2,-0.003478172619070574
2007-08-03,0.36363636363636365,1.2862913567871996,11,0.027257356024669388
2007-08-06,-1.4,2.1908902300206643,5,0.018242006422597212
2007-08-10,0.0,0.0,2,-0.025337905105314085
2007-08-20,0.0,0.0,2,0.06172821091434599
2007-08-21,1.0,1.4142135623730951,2,-0.01993339846092601
2007-08-27,0.0,0.0,2,0.004902008626450405
2007-09-04,0.3333333333333333,0.816496580927726,6,0.03588909954625463
2007-09-11,0.0,0.0,2,0.02975191607176253
2007-09-12,0.0,0.0,2,0.001605350114973314
2007-09-13,2.5,0.7071067811865476,2,0.025640791062533363
2007-09-14,0.0,0.0,5,0.012500012388679371
2007-09-20,1.5,2.1213203435596424,2,-0.004694881118737615
2007-09-28,0.0,0.0,2,-0.00786168396268161
2007-10-02,0.0,0.0,4,-0.001550348082564934
2007-10-04,0.8333333333333334,0.9831920802501751,6,-0.01104114372812659
2007-10-05,0.5,0.7071067811865476,2,-0.0015949400297827765
2007-10-15,-0.3333333333333333,2.886751345948129,3,0.0016419940810792344
2007-10-18,0.6666666666666666,3.0550504633038935,3,-0.014610701225275524
2007-10-19,0.0,0.0,2,0.0016475788732668306
2007-10-22,0.0,0.0,2,-0.014802515327838828
2007-10-30,1.0,1.4142135623730951,2,-0.0016367921814625097
2007-10-31,0.5454545454545454,2.018099916438052,11,0.04590159246638392
2007-11-01,1.0,1.7320508075688772,3,-0.009404314435336847
2007-11-02,1.5,0.5773502691896257,4,-0.009493846099546621
2007-11-15,0.0,0.0,2,0.0
2007-11-21,0.6666666666666666,1.1547005383792517,3,-0.020280708443963458
2007-11-22,0.5,1.9148542155126764,4,-0.004777032401923509
2007-11-26,0.0,0.0,2,-0.0031445738523149247
2007-11-28,1.0,1.4142135623730951,2,0.008025732436217403
2007-12-04,0.0,0.0,2,0.025297760913442824
2007-12-06,0.4,0.8944271909999159,5,-0.03197677121020359
2007-12-07,0.3333333333333333,0.5773502691896258,3,0.012012101865836566
2007-12-11,1.0,1.4142135623730951,4,-0.005856134081626108
2007-12-28,0.0,0.0,2,0.004497635995162286
2008-01-11,0.0,0.0,2,-0.0182092660315053
2008-01-14,-0.25,0.5,4,0.015456045497076465
2008-01-15,-0.42857142857142855,1.1338934190276817,7,-0.053272531476666884
2008-01-16,-0.5,3.5355339059327378,2,-0.019292620896710577
2008-01-29,2.0,2.8284271247461903,2,0.01724157886481925
2008-01-30,0.6,1.3416407864998738,5,0.04237278113612497
2008-01-31,0.6923076923076923,1.377474463442389,13,0.014634288471024215
2008-02-01,0.0,0.0,6,-0.00961564607266241
2008-02-05,0.0,0.0,3,0.02415448122672914
2008-02-06,0.0,0.0,4,-0.02515717259293948
2008-02-07,1.5,2.1213203435596424,2,0.009677257094529601
2008-02-11,0.0,0.0,3,0.02677130012740947
2008-02-12,0.0,0.0,3,0.0061350573594420865
2008-02-14,1.5,2.1213203435596424,2,0.013740431526021002
2008-02-20,-1.0,1.4142135623730951,2,-0.016296582499985557
2008-02-25,0.0,0.0,4,0.0292397159187594
2008-02-26,0.0,0.0,4,-0.02840904355566809
2008-02-27,1.0,1.4142135623730951,2,-0.013157713742911414
2008-02-28,0.0,0.0,2,0.0
2008-03-10,1.0,1.4142135623730951,2,-0.013432730198369547
2008-04-04,-0.5,1.0,4,0.007633634565719971
2008-04-21,1.6666666666666667,1.5275252316519468,3,-0.033536415534648034
2008-04-23,0.5,0.5773502691896257,4,-0.01910808251711349
2008-04-24,0.0,0.0,2,0.024350455923142
2008-04-30,0.42857142857142855,2.14919697074224,7,0.05618004040436486
2008-05-02,1.5,2.16794833886788,6,-0.018237127337137005
2008-05-23,0.0,0.0,2,-0.0015948728616207442
2008-05-30,0.0,0.0,2,-0.0031949243613086376
2008-06-04,0.0,0.0,2,0.017799516265598836
2008-06-06,1.5,2.1213203435596424,2,0.0015899675492472287
2008-06-09,-0.75,0.9574271077563381,4,0.01587294626298741
2008-06-10,0.0,0.0,4,-0.025000038689285242
2008-06-11,-2.0,1.632993161855452,4,-0.017628113020418446
2008-06-12,-2.5,0.7071067811865476,2,-0.006525273967028622
2008-06-17,0.0,0.0,3,0.003300022855774465
2008-06-18,0.6666666666666666,1.1547005383792517,3,0.009868620167953868
2008-06-23,0.0,0.0,3,-0.008170154961142373
2008-06-24,0.4,2.1908902300206643,5,0.02141709427399796
2008-07-01,-0.3333333333333333,1.5275252316519465,3,0.017741841098886768
2008-07-04,0.0,0.0,2,-0.0016470790304227156
2008-07-15,0.0,0.0,2,-0.020033440703408734
2008-07-18,1.0,1.4142135623730951,2,-0.023489764707888883
2008-07-25,1.0,1.4142135623730951,2,0.024305832715662223
2008-08-06,0.3333333333333333,0.5773502691896258,3,0.029032164764416946
2008-08-07,0.0,1.1832159566199232,11,-0.050156574093789486
2008-08-08,-0.6,1.949358868961793,5,0.019801599491306332
2008-08-19,0.0,0.0,3,-0.04662378087296504
2008-08-20,-1.0,1.4142135623730951,2,0.003372543862409705
2008-08-27,-3.5,0.7071067811865476,2,0.003424696662583271
2008-09-05,0.0,0.0,2,-0.03514932450705832
2008-09-08,0.16666666666666666,1.6020819787597222,6,0.014571828102847961
2008-09-17,0.0,0.0,2,0.005555570035755464
2008-09-18,0.0,0.0,2,-0.007366469598348746
2008-09-26,-2.5,3.5355339059327378,2,0.019677704650441052
2008-09-29,0.0,0.0,2,-0.0280700416270786
2008-10-03,-0.3333333333333333,0.5773502691896258,3,0.035714225872639505
2008-10-23,0.0,1.4142135623730951,2,0.005484284382273774
2008-10-27,-0.6666666666666666,1.1547005383792517,3,0.04044124657773551
2008-10-30,0.125,1.1259916264596033,8,0.020408306197732706
2008-10-31,0.25,1.707825127659933,4,0.0399998401386068
2008-11-05,0.0,0.0,2,-0.06927712285823728
2008-11-06,1.0,1.4142135623730951,2,-0.032362327424791615
2008-11-07,-0.3333333333333333,0.5773502691896258,3,0.011705775705956434
2008-11-10,0.0,0.0,4,0.013223204156925128
2008-11-19,-3.0,0.0,2,-0.012007040506158195
2008-11-24,-0.3333333333333333,0.5773502691896258,3,0.015094313641791146
2008-11-26,0.0,0.0,2,0.01492554296783033
2008-11-28,0.0,0.0,2,0.07334529092113584
2008-12-04,0.0,0.0,2,-0.013333482768983496
2008-12-11,0.5,0.7071067811865476,2,-0.030927915385952742
2008-12-12,1.0,1.4142135623730951,2,-0.001773023588894418
2008-12-15,0.3333333333333333,2.886751345948129,3,0.0
2008-12-17,-5.0,0.0,2,0.0017986286019451292
2009-01-12,0.0,0.0,2,0.015254097868916405
2009-01-13,1.5,0.7071067811865476,2,0.0
2009-01-16,1.0,1.4142135623730951,2,0.01703570160241208
2009-01-22,0.0,2.0,3,-0.01510053803669742
2009-01-26,2.5,0.7071067811865476,2,0.013888866263574107
2009-01-28,-0.4,0.894427190999916,5,-0.0017006552438568745
2009-01-29,0.3333333333333333,1.4960264830861913,15,0.02214662521589683
2009-01-30,0.0,0.0,6,0.04166656892532572
2009-02-02,0.6666666666666666,1.1547005383792517,3,-0.00320011957077293
2009-02-03,0.6666666666666666,1.1547005383792517,3,0.012841154483103967
2009-02-13,2.0,1.7320508075688772,3,0.008077679387255898
2009-02-24,0.5,0.7071067811865476,2,-0.014826888807780714
2009-02-27,0.0,0.0,2,-0.04966908193485553
2009-03-06,-1.0,1.4142135623730951,2,-0.049723885791832845
2009-03-09,0.0,1.632993161855452,4,0.0038759122148213088
2009-03-19,0.0,0.0,2,-0.043560785417627756
2009-03-20,-1.0,1.7320508075688772,3,-0.001979969575264917
2009-03-25,0.5,1.0,4,0.03868488715548213
2009-03-26,0.0,0.0,2,0.029795130713194062
2009-03-27,0.0,0.0,2,-0.005425065129999629
2009-03-30,1.3333333333333333,1.1547005383792517,3,0.02545466441334665
2009-03-31,0.0,2.0,3,-0.04787231975514017
2009-04-01,0.5,1.0,4,0.050279306807705426
2009-04-03,0.0,1.4142135623730951,10,-0.13701081994448228
2009-04-06,1.5,1.0,4,0.027835363143016822
2009-04-07,-1.0,0.0,2,0.01504508341082822
2009-04-14,0.0,0.0,2,-0.033502854854183584
2009-04-20,3.5,0.7071067811865476,2,0.017681690123356075
2009-04-21,-0.5,1.0,4,0.01158315063232207
2009-04-22,0.0,0.0,2,0.015267162206959561
2009-04-23,2.0,2.0,3,-0.001879865292767846
2009-04-24,0.4,0.8944271909999159,5,0.016949308728334778
2009-04-27,-1.5,0.7071067811865476,2,-0.00185173229187785
2009-04-30,0.3,1.1595018087284057,10,-0.0036967133008850572
2009-05-01,0.0,0.0,2,0.011131667345325003
2009-05-11,0.0,0.0,4,0.020912552502559523
2009-05-12,-0.3333333333333333,0.5773502691896258,3,0.029795130713194062
2009-05-14,0.0,0.0,2,-0.008881055134208116
2009-05-15,-1.0,1.7320508075688772,3,-0.005376362747829377
2009-05-25,1.3333333333333333,1.1547005383792517,3,0.010638152698891012
2009-06-08,0.6666666666666666,1.1547005383792517,3,-0.025044656005149935
2009-06-15,-2.0,2.309401076758503,4,0.0143369064311194
2009-06-26,-0.75,1.4880476182856899,8,-0.037433102607135726
2009-06-29,0.42857142857142855,0.7867957924694432,7,0.06851853110377903
2009-06-30,0.0,0.0,2,-0.005199412701958783
2009-07-01,-0.4,1.6733200530681511,5,0.01742154523863615
2009-07-03,-0.25,2.0615528128088303,4,-0.010273921790245
2009-07-13,-1.0,1.4142135623730951,2,-0.003490176916815302
2009-07-20,-0.25,0.5,4,0.0016919380763427139
2009-07-22,3.3333333333333335,0.5773502691896258,3,0.010067063585118108
2009-07-23,-1.0,1.4142135623730951,2,0.0
2009-07-27,3.0,4.242640687119285,2,0.008250712659038317
2009-07-29,1.0,1.4142135623730951,2,-0.028571285253553458
2009-08-03,0.0,0.0,2,-0.001625994024457511
2009-08-06,0.16666666666666666,0.5773502691896257,12,-0.0015721455904429416
2009-08-07,-0.8571428571428571,1.4638501094227998,7,-0.03149603455064065
2009-09-17,-0.5,0.7071067811865476,2,-0.012820685303861046
2009-09-18,0.0,0.0,2,0.0022917562735738084
2009-09-23,0.0,0.816496580927726,4,-0.025602443626770333
2009-09-25,-0.5,0.7071067811865476,2,0.004746770362190844
2009-09-28,0.0,0.0,2,0.017322758801708193
2009-10-02,3.0,3.4641016151377544,4,0.007064148088177458
2009-10-21,0.0,0.0,4,-0.002295341118155325
2009-10-22,2.5,0.7071067811865476,2,-0.012269774625991658
2009-10-28,-1.0,1.4142135623730951,2,0.010753091435492301
2009-10-29,-0.4,1.577621275493231,10,-0.04863255153324908
2009-12-01,0.0,0.0,2,0.020439208937745645
2009-12-02,0.0,0.0,2,0.025222509180136576
2009-12-07,0.0,0.0,3,0.0007410907583405013
2009-12-28,-1.0,1.4142135623730951,2,-0.01849113580456363
2009-12-29,-0.8,2.280350850198276,5,0.006782238274602559
2009-12-30,0.3333333333333333,0.5773502691896258,3,-0.008982142158154294
2010-01-13,0.0,0.0,2,0.0011559653083719201
2010-01-20,0.5,1.3093073414159542,8,0.014326672045080535
2010-01-25,1.0,0.0,2,0.0178674484103023
2010-01-26,0.6923076923076923,1.5483655567842813,13,0.04460437141878604
2010-01-27,0.7142857142857143,0.9511897312113419,7,0.017906513443101568
2010-01-29,0.0,0.0,2,-0.0073131064156245484
2010-02-01,1.0,1.4142135623730951,5,0.02237366822699771
2010-02-02,0.5,0.9660917830792959,16,-0.02588712246076008
2010-02-03,0.8571428571428571,1.5735915849388864,7,0.043835292768844125
2010-02-09,0.0,0.0,2,-0.0021271734207404247
2010-02-16,0.0,0.0,3,0.003321926217139337
2010-02-18,0.0,0.0,2,0.00483459257891683
2010-02-19,0.0,0.0,2,0.0017727317726272673
2010-03-02,0.0,0.0,2,0.0017718308699623542
2010-03-03,1.0,1.4142135623730951,2,0.001516808096307054
2010-03-04,1.0,2.8284271247461903,2,0.004037302330157644
2010-03-15,-0.6666666666666666,1.1547005383792517,3,0.0031833349578764825
2010-03-18,0.0,0.0,2,-0.005661744366527333
2010-03-19,1.5,2.1213203435596424,2,0.013760472191856277
2010-03-22,0.3333333333333333,0.5773502691896258,3,-0.005382836438460381
2010-03-23,0.5,0.7071067811865476,2,0.014117638169882651
2010-03-24,0.3333333333333333,0.5773502691896258,3,0.03225072854439426
2010-03-25,0.25,1.2583057392117916,4,0.010516793565436666
2010-03-31,0.0,1.0954451150103321,6,-0.0067349679049505395
2010-04-06,1.0,1.4142135623730951,5,0.035305161392897855
2010-04-07,-1.3333333333333333,2.3094010767585034,3,0.003839245337339703
2010-04-09,-0.3333333333333333,0.5773502691896258,3,-0.011657149192816796
2010-04-16,1.0,1.4142135623730951,2,0.003378320803122392
2010-04-28,-1.25,2.7537852736430506,4,-0.017275718599815915
2010-04-29,0.0,0.0,2,0.036736363992635024
2010-05-03,2.0,2.0,3,0.027174033229519834
2010-05-04,0.0,0.0,4,0.006772576173054823
2010-05-10,0.0,0.0,2,0.024444510516808737
2010-05-19,0.5,3.5355339059327378,2,-0.019810500996518265
2010-05-31,0.5,3.5355339059327378,2,0.0
2010-06-02,0.5,0.5773502691896257,4,0.02828966085033935
2010-06-03,0.0,0.0,2,0.0220928399972804
2010-06-11,0.5,0.7071067811865476,2,-0.006776107043002466
2010-06-14,0.0,0.0,2,0.01902024116091905
2010-06-18,0.0,1.1547005383792515,7,0.04358483510157618
2010-06-22,-1.0,1.4142135623730951,2,-0.014548735956749104
2010-07-07,0.0,0.0,2,0.0026470804616747223
2010-07-15,0.0,0.0,2,0.019900220668131352
2010-07-21,0.0,0.0,2,0.0026225155627830343
2010-07-28,0.0,0.0,2,0.004499030315141095
2010-08-02,0.0,0.0,3,0.014312134675106503
2010-08-05,1.1,1.5951314818673865,10,0.012973963353712259
2010-08-06,0.0,0.0,5,-0.01694593258121646
2010-08-09,0.0,0.0,2,0.00922047705658291
2010-09-01,0.0,0.0,2,0.019841094266350723
2010-09-07,-1.0,3.0,3,0.021717327965993016
2010-09-08,0.0,0.0,3,-0.0038647979192528714
2010-09-09,-1.0,1.7320508075688772,3,0.03394789304090895
2010-09-10,0.25,1.7525491637693282,8,0.011256936691306896
2010-09-13,-0.3333333333333333,0.5773502691896258,3,-0.000927751934063914
2010-09-22,-1.3333333333333333,2.3094010767585034,3,0.0
2010-09-23,0.0,0.0,2,0.006603787053703014
2010-10-18,-1.0,1.4142135623730951,2,-0.051067691444984464
2010-10-19,-0.3333333333333333,0.816496580927726,6,-0.03522503740923255
2010-10-20,1.875,1.642080561796093,8,0.0912780628303278
2010-10-21,-0.75,1.5000000000000002,4,0.0018585798974195544
2010-10-22,0.6666666666666666,2.0816659994661326,3,-0.0037105428840989996
2010-10-25,-0.5,0.7071067811865476,2,0.012104387405345474
2010-10-27,0.2857142857142857,0.8254203058555569,14,0.011131814593159595
2010-10-28,0.42857142857142855,0.7867957924694432,7,0.02844018619981914
2010-10-29,0.0,0.0,3,0.006244616748236176
2010-11-02,0.0,0.0,2,-0.006249923379289646
2010-11-16,0.8333333333333334,1.3291601358251257,6,-0.0008763506709700275
2010-11-19,0.0,2.0,3,0.012389672508670735
2010-12-06,-0.6666666666666666,0.5773502691896258,3,0.00958203879748809
2010-12-10,0.0,0.0,2,0.04291829248013257
2010-12-16,0.0,0.0,2,0.000819603448955819
2010-12-23,0.4,0.8944271909999159,5,0.031784704275743314
2010-12-27,0.0,0.0,3,-0.00473925582774648
2011-01-03,0.0,0.0,3,-0.01987281829682952
2011-01-04,1.0,0.816496580927726,4,0.035685168931567146
2011-01-05,-1.0,1.7320508075688772,3,0.022709612385226174
2011-01-06,0.0,0.0,2,0.00612552044899517
2011-01-11,1.5,2.1213203435596424,2,0.010719775895368766
2011-01-13,0.0,0.0,2,-0.028527222209472347
2011-01-14,0.0,0.0,3,-0.015872956532632876
2011-01-17,-0.5,1.0,4,0.008870788559710352
2011-01-18,0.8333333333333334,2.714160398109638,6,0.0367705465182504
2011-01-20,-2.25,2.217355782608345,4,-0.017418889321535902
2011-01-21,0.0,0.0,2,-0.0177276051613503
2011-01-26,0.0,0.0,3,0.008038636759866824
2011-01-31,-0.6666666666666666,1.1547005383792517,3,-0.017614057223218293
2011-02-01,0.0,0.0,2,0.013854747526445443
2011-02-02,0.0,0.0,10,-0.02090010109222784
2011-02-03,1.0,1.5491933384829668,6,-0.0032843723368216615
2011-02-07,0.0,0.0,2,0.001636605908167832
2011-02-09,2.0,1.7320508075688772,3,0.030794266936383874
2011-02-10,0.0,0.0,2,0.009433801708944811
2011-02-15,0.0,0.0,2,-0.003712310310868605
2011-02-16,-0.6,0.894427190999916,5,0.001490412355135362
2011-02-17,-2.0,2.309401076758503,4,-0.004464135575495409
2011-03-01,1.0,1.4142135623730951,2,-0.00734751195430583
2011-03-03,0.0,2.8284271247461903,2,0.012686776862656624
2011-03-04,0.0,0.0,5,0.0014737156963573472
2011-03-15,0.0,0.0,3,-0.025660342764197264
2011-03-16,1.3333333333333333,1.1547005383792517,3,-0.008520587998746665
2011-03-17,-0.5,0.7071067811865476,2,-0.001562525569365425
2011-03-18,-0.75,1.2583057392117916,4,0.025039220337720325
2011-03-23,0.0,0.0,2,0.006182403798960623
2011-03-24,2.0,1.7320508075688772,3,0.006240174075508698
2011-03-29,0.0,0.0,2,0.012618065017826696
2011-04-05,0.0,0.0,3,0.014361116278542418
2011-04-08,1.25,1.5,4,-0.0015036856473404914
2011-04-11,0.0,0.0,3,-0.0030120488642396692
2011-04-19,2.0,0.0,2,-0.004590515853358124
2011-04-26,2.0,0.0,2,-0.024682023464765557
2011-04-27,-0.5,1.0,4,-0.026073551847726084
2011-04-28,-0.4444444444444444,1.3333333333333333,9,-0.0007873629069317101
2011-04-29,0.0,1.0954451150103321,6,0.003152011107197872
2011-05-03,-1.3333333333333333,1.0327955589886444,6,-0.01533750363248898
2011-05-05,0.0,1.4142135623730951,2,-0.006250155155263948
2011-05-09,0.0,0.0,2,0.0015539249371292474
2011-05-13,0.0,0.0,2,0.021060808809447495
2011-05-17,0.0,0.0,3,-0.0069283708509617625
2011-05-18,-1.0,1.1547005383792515,4,-0.0007750027902700962
2011-05-19,0.0,0.0,4,0.014739842352825994
2011-05-24,1.3333333333333333,2.3094010767585034,3,0.006955141203833337
2011-06-10,1.3333333333333333,1.1547005383792517,3,0.009419076276617089
2011-06-14,-1.5,2.1213203435596424,2,0.001555210311365851
2011-06-22,0.0,0.0,3,-0.01204807817375797
2011-06-27,0.4,0.894427190999916,5,0.007275628499313624
2011-06-28,0.3333333333333333,1.5275252316519468,3,0.0032102736359505
2011-07-13,0.4,0.5477225575051662,5,0.010046332019242987
2011-07-29,-0.6666666666666666,0.5773502691896258,3,-0.01397515849170372
2011-08-01,0.0,0.0,2,-0.0062992140668254315
2011-08-02,-2.0,0.0,3,-0.007131578013139017
2011-08-04,1.0,1.4142135623730951,5,-0.014802635182801782
2011-08-05,-1.2,1.0954451150103321,5,-0.0734556953788037
2011-08-09,-2.0,0.0,5,0.034420302161900285
2011-08-15,2.0,0.0,2,0.019281246510757466
2011-08-22,0.0,0.0,3,-0.01890141089522024
2011-08-24,0.0,0.0,2,-0.007554298266000181
2011-08-25,0.0,0.0,3,-0.030447388084436255
2011-08-30,0.0,0.0,2,0.009424978993906263
2011-09-12,-1.5,2.1213203435596424,2,-0.026930075401837117
2011-09-13,2.0,2.309401076758503,4,-0.0036903110150098284
2011-09-16,0.0,0.0,2,-0.007285796059005034
2011-09-26,0.0,0.0,2,0.010232422791184748
2011-10-07,0.6666666666666666,0.8997354108424374,15,-0.00746277999578393
2011-10-10,-1.5,0.7071067811865476,2,0.02443637526512843
2011-10-11,-1.1666666666666667,2.0412414523193148,6,-0.016513942536857673
2011-10-18,-0.16666666666666666,1.8348478592697182,6,0.019230962654516626
2011-10-19,3.0,4.242640687119285,2,-0.014151083041397339
2011-10-20,0.4,0.894427190999916,5,0.013397036651190408
2011-10-21,-0.5,0.5773502691896257,4,0.011331447399000272
2011-10-24,2.0,0.0,2,0.0
2011-10-27,1.5,1.378404875209022,6,0.04678894555844604
2011-10-28,0.0,0.0,3,0.026292467352797555
2011-11-02,0.0,0.0,2,0.0008750203322436256
2011-11-08,0.0,0.0,3,0.01686341202065811
2011-11-10,0.0,0.0,3,-0.0188065796038156
2011-11-14,0.0,0.0,4,0.012437774103045696
2011-11-17,0.0,0.0,2,-0.0024094412558199885
2011-11-18,0.0,0.0,4,0.0
2011-11-29,0.0,0.0,3,0.007383143471165532
2011-11-30,0.5,0.7071067811865476,2,0.02280130842856387
2011-12-02,0.0,0.0,2,0.023692693343326354
2011-12-06,3.25,2.362907813126304,4,0.01689465286348657
2011-12-07,-1.0,1.7320508075688772,3,0.009493516225090648
2011-12-22,0.0,0.0,2,-0.022324758960670654
2011-12-23,-1.0,1.1547005383792515,4,0.017322838683769826
2012-01-05,-1.5,2.1213203435596424,2,0.025679987651257674
2012-01-06,0.0,0.0,2,0.0014725360473031301
2012-01-09,1.3333333333333333,1.1547005383792517,3,0.02426467488397721
2012-01-10,-0.25,1.2583057392117916,4,-0.006460983672242793
2012-01-11,0.0,0.9428090415820634,10,-0.013005713681069286
2012-01-12,0.0,0.0,3,-0.0014641292664248073
2012-01-20,0.0,0.0,3,-0.01867823578465333
2012-01-24,0.0,0.0,2,-0.008882455813062018
2012-01-25,0.0,0.0,3,0.0037339463888872437
2012-01-27,-1.0,1.4142135623730951,2,-0.010409069818561933
2012-01-30,0.0,0.0,9,-0.008264279600242785
2012-01-31,2.0,0.0,2,0.018181520502916326
2012-02-02,1.0,1.1547005383792515,13,0.04338247122585637
2012-02-03,0.9090909090909091,2.0225995873897262,11,0.031007685628816395
2012-02-07,0.3333333333333333,0.778498944161523,12,0.022418246627394778
2012-02-08,1.5,1.7320508075688772,4,0.007309071090305874
2012-02-14,0.0,0.0,2,-0.00648508596618691
2012-02-15,0.0,0.0,2,0.03002611739701022
2012-02-16,0.0,0.0,2,-0.011406784423331096
2012-02-23,0.0,0.0,2,0.015296369517981745
2012-02-24,0.0,0.0,2,-0.0031386395169124004
2012-02-27,1.3333333333333333,1.1547005383792517,3,-0.011335199726920209
2012-02-29,0.0,0.0,5,-0.020651030930508907
2012-03-01,0.0,0.0,2,0.010862780530556781
2012-03-13,1.0,1.7320508075688772,3,0.003736114077597774
2012-03-14,0.0,0.0,3,-0.006203413867195584
2012-03-21,0.0,0.0,12,0.0043209579863681125
2012-03-22,0.8571428571428571,2.9680841985233184,7,-0.005628729825032153
2012-03-23,0.0,0.0,4,-0.01698067736426323
2012-03-26,3.0,0.0,2,0.015994776871274263
2012-03-28,0.0,0.0,2,0.015984802977642154
2012-03-29,1.3333333333333333,1.1547005383792517,3,-0.02706106465582192
2012-04-02,-1.0,1.4142135623730951,8,0.05566405876059011
2012-04-03,0.14285714285714285,1.4638501094227998,7,0.023911296297661755
2012-04-10,-1.0,2.5819888974716108,4,0.007950934359354234
2012-04-11,0.5,0.7071067811865476,2,-0.00728147512222499
2012-04-19,0.0,0.0,2,0.005882270387046251
2012-04-20,-0.5,1.0,4,-0.0011695970113853038
2012-04-24,0.0,0.0,2,-0.00712581412987956
2012-04-25,0.0,0.0,3,0.0
2012-04-27,-0.09090909090909091,1.513574937328539,11,-0.029815020739727305
2012-04-30,0.0,1.2649110640673518,6,0.019053574867814893
2012-05-01,0.0,0.0,2,-0.007237790797931742
2012-05-02,0.0,0.0,6,0.00486041150344918
2012-05-07,2.0,2.8284271247461903,2,-0.009467506692492411
2012-05-11,0.0,0.0,3,0.01393061093529413
2012-05-22,1.0,1.4142135623730951,2,0.0035648509910495285
2012-05-25,1.0,1.4142135623730951,2,0.018203746655276465
2012-06-08,-0.2857142857142857,0.7559289460184545,7,-0.026119244774290395
2012-06-11,0.0,0.0,3,0.02554267248159703
2012-06-21,0.0,0.0,2,-0.0006095990007830565
2012-06-26,0.0,0.0,3,0.0012327530717926027
2012-06-27,0.3333333333333333,0.5773502691896258,3,0.014778406318027848
2012-06-28,0.0,0.0,4,0.012135634937804118
2012-06-29,0.3333333333333333,0.5773502691896258,3,0.01738636462745613
2012-07-06,0.0,0.0,2,0.0028346479550651615
2012-07-13,0.0,0.0,2,-0.003936974372792945
2012-07-18,0.8,1.3038404810405297,5,-0.001119935393021132
2012-07-20,-0.3333333333333333,0.5773502691896258,3,-0.0033370595168821238
2012-07-30,2.0,2.8284271247461903,2,0.001076640901267245
2012-08-09,0.2222222222222222,1.6414763002993509,9,0.01295924468678189
2012-08-10,0.0,0.0,6,-0.0005332069435393105
2012-08-20,1.0,1.1547005383792515,4,0.0058572748107126316
2012-08-31,0.0,0.0,2,0.0032255104190348494
2012-09-03,1.5,1.7320508075688772,4,0.0037514124058872778
2012-09-06,1.0,1.4142135623730951,2,0.007470482666151357
2012-09-12,-1.0,1.4142135623730951,2,-0.03187468051755993
2012-09-20,1.0,1.4142135623730951,2,0.021432604432090274
2012-09-21,0.75,1.5,4,0.012700179434376402
2012-09-24,1.0,1.4142135623730951,2,0.004361861705441283
2012-09-28,0.7142857142857143,0.7559289460184544,7,0.0010921989662353582
2012-10-02,-1.0,1.4142135623730951,2,0.0005402216374998936
2012-10-03,0.5,0.7071067811865476,2,0.0010792318423429315
2012-10-04,0.0,0.0,2,0.01455528216374069
2012-10-09,0.0,0.0,2,-0.0031846277979130644
2012-10-16,0.0,0.0,2,0.006885681374448671
2012-10-19,1.75,2.0615528128088303,4,0.022117128895716487
2012-10-22,0.0,0.0,3,-0.0005151511396482844
2012-10-26,-0.2222222222222222,0.6666666666666666,9,-0.03276103664605867
2012-10-29,0.3333333333333333,2.0816659994661326,3,0.002150444563560283
2012-10-31,0.0,1.61245154965971,11,-0.001614595964219978
2012-11-02,0.0,0.0,3,0.01154481245877892
2012-11-06,-0.25,0.5,4,-0.06876015591845419
2012-11-07,-1.0,1.4142135623730951,2,0.012790766911473073
2012-11-08,0.2857142857142857,0.7559289460184545,7,-0.006888670572095079
2012-11-09,-0.09090909090909091,1.7002673586554236,11,0.07283253766944098
2012-11-12,0.4,0.8944271909999159,5,-0.016163877566504836
2012-11-14,1.5,2.1213203435596424,2,0.0032823995832858
2012-11-21,0.0,0.0,3,0.0011036516203233315
2012-12-03,3.0,1.4142135623730951,2,0.008781711929741975
2012-12-19,-0.3333333333333333,1.5275252316519468,3,0.0016538662317662212
2012-12-21,1.5,2.1213203435596424,2,0.01103769371708574
2012-12-27,1.0,1.4142135623730951,2,0.001091602842487216
2013-01-08,0.0,0.0,2,0.014799234746471601
2013-01-09,-1.0,1.4142135623730951,2,0.0031250167323213507
2013-01-10,0.0,0.0,2,-0.004673173915145212
2013-01-11,0.0,0.0,2,0.010433229134604094
2013-01-14,-2.0,2.8284271247461903,2,0.0
2013-01-15,1.0,1.4142135623730951,2,0.012390260510807494
2013-01-17,1.0,1.4142135623730951,2,0.003533440543182609
2013-01-18,0.0,0.0,2,-0.011569429799497155
2013-01-21,0.6666666666666666,1.1547005383792517,3,0.0076336782092656374
2013-01-22,-0.14285714285714285,0.8997354108424375,7,0.005555437998807866
2013-01-23,0.4,0.894427190999916,5,0.016574626542140924
2013-01-28,0.8,1.0954451150103321,5,-0.00590544961362327
2013-01-29,-0.3333333333333333,2.0816659994661326,3,0.00396080219303685
2013-01-30,0.0,0.0,2,0.006903197421403551
2013-01-31,0.7777777777777778,1.9570552775732024,18,-0.009794276405310831
2013-02-01,2.0,2.70801280154532,4,0.02967336334890769
2013-02-04,0.6666666666666666,1.1547005383792517,3,0.009606293901483376
2013-02-05,0.0,0.0,3,0.009514798783368139
2013-02-11,0.08333333333333333,1.442120017518492,24,-0.13224310869739997
2013-02-12,-0.125,0.3535533905932738,8,0.003769698082592976
2013-02-13,1.0,1.0,3,0.011802429623672728
2013-02-14,0.0,0.0,2,0.016967424371761686
2013-02-15,1.0,1.0,3,-0.0031283758678780638
2013-02-18,0.5,1.0,4,0.0026147214886402814
2013-02-21,-0.6666666666666666,3.2145502536643185,3,-0.006113222730710466
2013-02-22,0.0,0.0,2,0.0035879724331888685
2013-02-25,0.0,0.0,3,0.011235914985076922
2013-03-04,0.75,1.5,4,0.024801720932989157
2013-03-07,0.0,0.0,2,-0.02434287689317749
2013-03-08,-1.5,2.1213203435596424,2,-0.003991554038521805
2013-03-11,0.0,0.0,2,0.010019701999722797
2013-03-13,-0.5,0.7071067811865476,2,0.007503450486871843
2013-03-14,0.0,0.0,3,-0.010426922695016216
2013-03-18,0.0,0.0,3,-0.039039053324290474
2013-03-19,0.3333333333333333,1.5275252316519468,3,0.005208260195199044
2013-03-20,0.8333333333333334,2.7141603981096374,6,-0.01398946197415274
2013-04-02,0.0,2.8284271247461903,2,0.008465496484146184
2013-04-08,-0.5,0.7071067811865476,2,0.02085568120169823
2013-04-16,0.0,3.0,3,-0.00984988361066974
2013-04-18,-1.0,1.0,3,-0.0010526551950286178
2013-04-24,0.3333333333333333,1.5275252316519465,3,0.02729650219018942
2013-05-01,0.0,0.0,8,-0.017119933630996065
2013-05-02,-1.0,1.7320508075688772,3,0.008709016693102534
2013-05-14,0.0,0.0,2,0.010040003916801377
2013-05-15,0.0,0.0,2,0.008946429718236892
2013-05-21,0.0,0.0,3,-0.005528048236925764
2013-05-24,0.3333333333333333,0.5163977794943223,6,-0.001548218659888967
2013-05-28,1.0,2.6457513110645907,3,0.001031622074002314
2013-06-10,-1.1111111111111112,1.7638342073763935,9,0.005997954646103532
2013-06-11,-0.6,0.894427190999916,5,0.010839939570451929
2013-06-12,-0.5,0.7071067811865476,2,0.005361847680384502
2013-06-14,0.3333333333333333,2.0816659994661326,3,-0.0005360011011847909
2013-06-17,-0.125,1.3562026818605375,8,-0.02682422844075094
2013-06-18,-2.0,1.7320508075688772,3,-0.0016536314115065398
2013-06-19,-0.5,1.0,4,-0.019878336685899445
2013-06-21,0.0,0.0,4,-0.007377930103581343
2013-06-24,-0.6666666666666666,1.1547005383792517,3,-0.024013827758838535
2013-06-28,-0.3333333333333333,1.5275252316519468,3,-0.020833176837243284
2013-08-01,1.6666666666666667,2.0816659994661326,3,0.028480746807996615
2013-08-05,1.0,1.4142135623730951,2,0.008264550544353044
2013-08-08,0.8,1.6865480854231356,10,0.00260016266973917
2013-08-09,0.2,2.04939015319192,5,-0.001555854208672991
2013-08-12,-1.0,1.4142135623730951,2,0.012986709997549362
2013-08-21,1.3333333333333333,1.1547005383792517,3,-0.006106717495774183
2013-09-03,0.3333333333333333,2.5166114784235836,3,-0.027532687225505725
2013-09-04,0.0,0.0,2,-0.005342000894975718
2013-09-11,0.0,0.0,2,-0.0005353440127757736
2013-09-16,0.6666666666666666,1.1547005383792517,3,0.015069896045207143
2013-09-20,2.0,2.8284271247461903,2,0.0
2013-10-04,0.0,0.0,2,-0.0027308092445298415
2013-10-16,1.0,1.4142135623730951,2,0.017391072319490775
2013-10-21,0.0,0.0,2,0.006335941123372546
2013-10-25,0.0,0.0,2,-0.004568437547604942
2013-10-28,0.0,0.0,2,0.0035695903200287926
2013-10-29,0.0,0.0,3,0.006097601069388725
2013-10-30,-1.5,1.9148542155126764,4,-0.0030303708902937876
2013-10-31,-0.36363636363636365,0.8090398349558905,11,-0.07396152195811156
2013-11-01,0.0,1.632993161855452,4,0.0032821413119654697
2013-11-29,0.0,0.0,2,0.007168327115885109
2013-12-03,0.75,1.0350983390135313,8,0.005597993848830862
2013-12-04,0.0,0.0,3,-0.01366408292424448
2013-12-05,-0.5,1.0,4,0.0066700430384885045
2013-12-10,-1.1428571428571428,1.864454471471609,7,-0.009230392685950162
2013-12-11,-2.5,0.7071067811865476,2,0.0015524356031273445
2014-01-02,0.0,0.0,2,0.010563235010464966
2014-01-15,0.0,0.0,4,-0.004271572479675134
2014-01-16,1.5,2.1213203435596424,2,0.002860022095759085
2014-01-21,0.0,0.0,2,0.0037628406107872436
2014-01-23,0.0,0.0,2,-0.004267521199551094
2014-01-24,0.0,0.0,4,0.0004760199835962542
2014-01-28,0.0,0.0,2,-0.000969861657434401
2014-01-30,0.2222222222222222,0.6666666666666667,9,0.03426374437264168
2014-01-31,0.4444444444444444,1.0137937550497031,9,0.03644081221827178
2014-02-03,-0.25,0.5,4,0.013698678940823772
2014-02-05,0.0,0.0,2,0.03302747824805641
2014-02-11,0.0,0.0,2,-0.006391038956131911
2014-02-25,0.3333333333333333,0.816496580927726,6,0.05870446888133385
2014-02-26,0.0,0.0,2,-0.017208437352067785
2014-03-03,1.0,1.4142135623730951,2,-0.01823837559337438
2014-03-04,0.0,0.0,2,0.027668006784582033
2014-03-14,0.0,0.0,2,-0.01294504485619663
2014-03-18,0.0,0.0,2,0.013061129316404019
2014-03-20,1.4,1.140175425099138,5,0.0004072419988720988
2014-03-21,1.0,1.4142135623730951,2,-0.008702976812604013
2014-03-24,2.0,0.0,2,0.0033444006320482167
2014-03-26,0.0,0.0,2,0.0033387389701189374
2014-03-27,0.0,0.0,2,0.012063188969004601
2014-04-01,1.0,1.4142135623730951,2,-0.009319268592287488
2014-04-09,-1.0,1.4142135623730951,2,0.01577156289828152
2014-04-24,0.6666666666666666,1.1547005383792517,3,-0.006986955558601293
2014-04-29,1.3333333333333333,3.0550504633038935,3,0.005766346921047383
2014-04-30,-1.0,1.1547005383792515,4,-0.0061426433555028526
2014-05-01,-0.6,1.429840705968481,10,-0.019365522171947203
2014-05-02,0.16666666666666666,0.408248290463863,6,0.0033614987551269238
2014-05-12,0.5,2.1213203435596424,2,0.010234212215012084
2014-06-10,0.0,0.0,3,0.03254440299308836
2014-06-11,-1.6666666666666667,2.0816659994661326,3,0.002865547089855758
2014-06-12,0.0,0.0,4,0.023265063394821484
2014-06-16,0.0,0.0,3,0.016578971243661922
2014-07-31,1.0,1.4142135623730951,2,0.0015534328820794308
2014-08-01,0.6666666666666666,1.1547005383792517,3,-0.025979136083113752
2014-08-07,0.5,1.224744871391589,6,-0.013844952143351241
2014-08-11,0.0,0.0,2,0.008554088714693542
2014-08-27,0.3333333333333333,0.5773502691896258,3,0.002318517148068633
2014-09-01,0.0,0.0,4,0.0011581107532125934
2014-09-02,-0.8333333333333334,0.9831920802501751,6,-0.0034706734827015806
2014-09-03,0.0,0.0,2,0.0027088944480424537
2014-09-04,-1.0,1.0,3,-0.004245488474517556
2014-09-09,-0.25,0.5,4,0.024409112389793597
2014-09-11,0.0,0.0,7,0.0075500471481255715
2014-09-12,0.46153846153846156,1.1266014242982163,13,0.02660154938423398
2014-09-15,0.0,0.0,2,0.005109604361224873
2014-09-17,0.3333333333333333,0.816496580927726,6,0.016495768508929975
2014-09-18,-1.0,1.4142135623730951,2,0.015506547765977041
2014-09-25,0.0,0.0,2,0.008294182733817657
2014-10-06,-0.3333333333333333,0.5773502691896258,3,-0.009964569577171734
2014-10-13,0.0,0.0,2,-0.0046438500381944525
2014-10-21,0.0,2.160246899469287,4,0.011119811173234018
2014-10-22,0.0,0.0,3,0.01933995463866256
2014-10-23,0.0,0.0,3,0.002604294987837097
2014-10-24,0.0,0.0,2,-0.008905303066800707
2014-10-28,-0.2857142857142857,0.7559289460184545,7,-0.050112200983679855
2014-10-29,0.2,1.0954451150103324,5,0.005905497622370248
2014-10-30,0.6,1.429840705968481,10,0.062231005102362014
2014-10-31,0.0,2.449489742783178,4,-0.009948225860142101
2014-11-05,1.0,1.4142135623730951,2,0.0030627843980877145
2014-11-12,-1.0,1.4142135623730951,2,0.0003794442460491876
2014-11-19,1.5,2.1213203435596424,2,0.011472246922565876
2014-11-20,-0.5,2.1213203435596424,2,-0.0026464916469532973
2014-11-24,-0.3333333333333333,0.5773502691896258,3,0.0026336181130739433
2014-11-25,-0.5,1.0,4,0.0
2014-11-26,0.0,0.0,2,0.0018760743632892929
2014-12-01,0.0,0.0,4,0.0029314742982069486
2014-12-18,0.5,0.7071067811865476,2,0.025394669918312962
2014-12-23,2.0,0.0,2,-0.023952145628709842
2014-12-29,0.1111111111111111,0.7817359599705717,9,0.014187221787139492
2014-12-30,0.6666666666666666,1.1547005383792517,3,-0.015879020511334385
2015-01-05,-1.5,2.1213203435596424,2,0.008731879214028071
2015-01-22,0.0,0.0,2,-0.0024236832170739797
2015-01-23,0.0,0.0,2,0.01700784507596076
2015-01-26,0.0,2.8284271247461903,2,0.014334666098186899
2015-01-27,3.0,1.4142135623730951,2,0.0006729625267485329
2015-01-30,0.23529411764705882,1.251469724199605,17,-0.01467176161492656
2015-02-02,0.2222222222222222,1.2018504251546631,9,-0.011844093950868051
2015-02-03,1.0,1.4142135623730951,2,-0.00753422335050713
2015-02-04,0.0,0.0,3,-0.024154613974004535
2015-02-09,1.0,1.4142135623730951,2,-0.01109511821618514
2015-02-10,0.0,0.0,3,0.01845806855154719
2015-02-20,0.4,0.894427190999916,5,0.044063024809298135
2015-02-23,0.5,1.0,4,0.009020821604712514
2015-02-24,0.3333333333333333,1.5275252316519468,3,-0.005108670794815584
2015-03-06,0.0,0.0,2,0.009748470199841819
2015-03-09,1.0,1.4142135623730951,2,-0.0015572403648151933
2015-03-10,1.0,1.4142135623730951,2,0.016843564357358787
2015-03-19,-0.25,0.5,4,0.007366272064607049
2015-03-23,0.4,0.894427190999916,5,-0.012233794980578194
2015-03-24,0.625,1.0606601717798212,8,0.017693818091407687
2015-03-26,0.375,0.7440238091428449,8,-0.016730455560547974
2015-03-27,0.4375,0.8139410298049854,16,0.1035823279543262
2015-03-30,0.75,1.5,4,0.019204614700234934
2015-04-07,-0.6666666666666666,1.1547005383792517,3,0.007957575482952617
2015-04-08,1.0,1.4142135623730951,4,0.004473902943327612
2015-04-10,0.0,0.0,2,0.03120100785360913
2015-04-14,0.6666666666666666,1.1547005383792517,3,-0.006928466467552519
2015-04-15,-0.5,0.7071067811865476,2,0.0018087731156553044
2015-04-20,0.0,0.0,2,0.014327240658882578
2015-04-21,0.0,0.0,2,0.028250318305782063
2015-04-23,0.0,0.0,2,-0.01684526694005717
2015-04-27,-0.3333333333333333,0.5773502691896258,3,0.009479984205528869
2015-04-29,1.0,1.4142135623730951,2,-0.024071087184023954
2015-04-30,0.6,1.577621275493231,10,0.015281481652568818
2015-05-04,0.0,0.0,3,0.007922047834831192
2015-05-05,1.0,1.4142135623730951,2,-0.02908062529478883
2015-05-06,0.0,0.0,2,-0.010793163664078675
2015-05-13,0.0,0.0,3,-0.011815241266769916
2015-05-22,0.0,0.0,4,0.009102668312708229
2015-05-27,1.0,1.4142135623730951,2,0.010253737679253527
2015-05-28,0.0,0.0,2,-0.01928442082464843
2015-06-08,0.0,0.0,3,-0.023634595402964087
2015-06-09,0.5,0.7071067811865476,2,-0.005917006834650906
2015-06-16,0.0,0.0,2,-0.0029640836634117207
2015-06-19,0.0,0.0,2,-0.0024754039200628464
2015-06-22,-0.3333333333333333,0.5773502691896258,3,0.03970231183684714
2015-07-01,0.0,0.0,2,0.021393554336344156
2015-07-08,0.0,0.0,4,-0.0065555972227711035
2015-07-15,1.0,1.4142135623730951,5,0.012963599519755009
2015-07-20,1.0,1.4142135623730951,2,0.011462703667050489
2015-07-29,2.0,2.8284271247461903,2,0.017811486722208336
2015-07-30,1.5,2.1213203435596424,2,-0.006999768515216109
2015-08-03,0.0,0.0,2,0.02786145107173077
2015-08-06,0.25,1.164964745021435,8,-0.03457520907595657
2015-08-07,0.0,0.0,3,-0.020176552846072004
2015-08-14,0.0,0.0,4,0.014382857298552265
2015-08-21,1.0,1.4142135623730951,2,-0.03782924405482413
2015-08-24,-1.0,1.4142135623730951,2,-0.0517897009984023
2015-08-26,0.0,0.0,2,-0.010803191688449898
2015-08-27,0.16666666666666666,0.408248290463863,6,0.036404570420439875
2015-09-01,-0.5,1.7320508075688772,4,-0.028710615045689725
2015-09-03,-0.5,0.7071067811865476,2,0.02526075942201267
2015-09-07,-1.5,2.1213203435596424,2,0.0010965268609215428
2015-09-08,0.0,0.0,3,0.016155375166478914
2015-09-09,1.0,1.7320508075688772,3,0.01347354949440338
2015-09-15,0.0,2.309401076758503,4,0.007623444062634599
2015-09-17,0.0,0.0,2,0.002967580965649752
2015-09-21,0.0,0.0,2,0.028843624266096102
2015-09-22,0.0,0.0,3,-0.033324673645310554
2015-09-28,0.7,1.636391694484477,10,-0.007510678115911218
2015-09-29,0.4,0.8944271909999159,5,-0.03432447099931757
2015-10-01,-0.6666666666666666,3.0550504633038935,3,0.012004265058547015
2015-10-12,0.0,0.0,4,0.0176419936297183
2015-10-13,2.25,1.5,4,-0.017611413205631976
2015-10-14,-1.0,5.656854249492381,2,-0.030812347750991953
2015-10-15,-0.6666666666666666,1.1547005383792517,3,0.0028902143123388235
2015-10-16,0.4,1.6733200530681511,5,0.0400575867729942
2015-10-19,1.5,1.7320508075688772,4,0.025214771509718847
2015-10-22,0.0,0.0,5,0.005322018415136576
2015-10-26,1.5,1.7320508075688772,4,-0.001340304218163113
2015-10-27,-0.8333333333333334,1.602081978759722,6,0.011275187658700725
2015-10-28,0.46153846153846156,0.8770580193070292,13,0.02044062314853856
2015-10-29,0.3333333333333333,1.6227548592850782,21,-0.05306971814568939
2015-10-30,0.14285714285714285,1.4638501094227998,7,-0.010164937615488201
2015-11-02,0.2,1.7888543819998317,5,0.008881470377557266
2015-11-04,0.0,0.0,2,0.007592138484950439
2015-11-05,0.0,0.0,5,0.018568438172974044
2015-11-09,0.0,0.0,2,-0.013154328742470356
2015-11-12,2.5,2.1213203435596424,2,-0.005561402952840799
2015-11-17,1.75,1.5,4,0.023739356608980522
2015-11-18,1.0,1.4142135623730951,2,-0.002635083180423714
2015-11-19,0.6666666666666666,1.0,9,0.0018493927245222253
2015-11-20,0.0,0.0,2,0.010284877644316293
2015-11-23,0.2857142857142857,0.7559289460184545,7,0.0
2015-11-26,0.5,1.0,4,0.006786815888650821
2015-11-27,0.0,0.0,2,0.000777760182401277
2015-12-01,-1.0,1.5491933384829668,6,0.019948237307195305
2015-12-02,0.0,2.0,5,0.012953814128730201
2015-12-04,0.0,0.7071067811865476,5,0.0015443097785343696
2015-12-09,0.375,1.0606601717798212,8,-0.004853029090056582
2015-12-10,0.0,0.0,3,-0.002823429799100663
2015-12-16,0.0,0.0,5,0.006503446150274428
2015-12-17,0.42857142857142855,1.618347187425374,7,0.013957312842117098
2015-12-18,-1.5,2.1213203435596424,2,-0.0040785498347660765
2015-12-22,0.75,0.9574271077563382,4,-0.016577449725682536
2015-12-23,0.0,0.0,2,0.021265536444818656
2015-12-28,0.0,0.0,2,0.0063483966895294675
2016-01-05,0.0,2.8284271247461903,2,0.026148712225180004
2016-01-06,0.0,0.0,3,-0.013359568321379411
2016-01-11,-0.5,0.7071067811865476,2,-0.01629016169148456
2016-01-13,0.0,0.0,2,-0.004714519458638766
2016-01-14,0.5,1.9148542155126762,4,-0.01421036053881386
2016-01-18,-1.0,1.4142135623730951,2,0.005540346727289425
2016-01-19,-0.5,1.4459976109624422,12,0.011570166459965892
2016-01-21,1.3333333333333333,2.3094010767585034,3,0.03438570749636294
2016-01-25,0.0,2.309401076758503,4,0.013578445748950285
2016-01-28,-0.4,0.894427190999916,5,-0.03249311230964347
2016-02-03,-0.2,1.2078176722551153,35,-0.07598628825601239
2016-02-04,0.45454545454545453,1.2135597524338357,11,-0.04756438273967434
2016-02-08,0.75,1.0552897060221726,12,-0.046504369712710325
2016-02-09,-1.0,1.8708286933869707,5,-0.023270779053118362
2016-02-11,0.5,0.7071067811865476,2,-0.025137921382554662
2016-02-12,-1.5714285714285714,0.5345224838248488,7,0.010062640414152613
2016-02-15,-0.5,1.0,4,0.056039847277320476
2016-02-22,1.6666666666666667,2.3094010767585034,3,0.023823739992905102
2016-02-23,0.5,0.9258200997725515,8,0.018385272744175785
2016-02-29,0.0,0.0,4,-0.0022421221584592033
2016-03-03,0.0,0.0,7,-0.025963441330205228
2016-03-04,0.4375,0.9639329160614171,16,0.06509534729969846
2016-03-07,0.4,0.8432740427115679,10,0.019494209280223496
2016-03-08,-0.4,0.894427190999916,5,-0.013953610054468712
2016-03-09,0.5,0.7071067811865476,2,-0.010744079689945063
2016-03-10,0.25,0.5,4,-0.00688730005627336
2016-03-15,0.5,1.224744871391589,6,-0.020725583808683057
2016-03-16,0.0,2.160246899469287,4,-0.0058200522251192766
2016-03-17,-1.0,2.449489742783178,4,-0.028738647257095074
2016-03-18,1.3333333333333333,1.1547005383792517,3,0.004109747942049546
2016-03-21,0.6666666666666666,1.1547005383792517,3,0.001110627365834116
2016-03-23,0.5,0.7071067811865476,2,-0.004146083556761382
2016-03-29,0.0,1.2649110640673518,6,-0.0024977259629768156
2016-04-04,1.1428571428571428,1.5735915849388862,7,0.024902093532925162
2016-04-06,0.6666666666666666,1.1547005383792517,3,0.012407089697151763
2016-04-19,0.0,0.0,2,0.01942811696284541
2016-04-21,0.16666666666666666,0.408248290463863,6,0.011546750297578567
2016-04-26,0.0,0.0,5,-0.02557187393773075
2016-04-27,0.0,0.0,2,0.0024861957677313473
2016-04-28,0.5,0.7559289460184544,8,0.022320069991069724
2016-04-29,0.7894736842105263,2.2504060712191736,19,-0.021832761232267184
2016-05-02,0.0,1.4142135623730951,5,-0.011298191003571767
2016-05-04,2.0,0.0,2,-0.011595239551813852
2016-05-17,0.0,0.0,2,0.007002711004672646
2016-05-19,1.0,1.0,5,-0.009433981202096597
2016-05-24,0.0,0.0,2,0.02388311374811014
2016-05-25,1.1,0.9944289260117533,10,0.03512626367410587
2016-06-01,0.0,0.0,2,0.009951772538474568
2016-06-03,-0.6666666666666666,1.1547005383792517,3,-0.0021536772056763853
2016-06-09,-1.0,1.4142135623730951,2,0.006446467030587044
2016-06-13,0.0,0.0,4,-0.0035662658541779635
2016-06-14,0.42857142857142855,1.2224996910042532,14,-0.05561673597478034
2016-06-15,0.0,0.0,5,0.00349862344659857
2016-06-21,0.3333333333333333,0.5773502691896258,3,0.009970587879609472
2016-06-23,0.0,0.0,2,0.0014378986641929714
2016-06-24,-1.0,1.4142135623730951,2,-0.008902877735211479
2016-06-28,0.0,0.0,3,0.01637901710873435
2016-06-29,0.0,0.0,3,0.02187039012376424
2016-07-21,-2.0,0.0,3,-0.0021422341565687786
2016-07-26,0.3333333333333333,0.816496580927726,6,0.02887983509064873
2016-07-27,2.0,2.309401076758503,4,-0.008919031997166038
2016-08-01,-0.6666666666666666,1.1547005383792517,3,0.004748006603449539
2016-08-02,-1.6666666666666667,0.816496580927726,6,-0.027303913412453973
2016-08-04,-1.125,1.4577379737113252,8,0.0010911328826777034
2016-08-05,0.03571428571428571,1.8555650603311362,28,-0.10081741828059576
2016-08-08,-0.06666666666666667,1.0997835284835875,15,-0.0363636044749337
2016-08-10,-0.25,2.434865792722759,8,-0.018797867520894962
2016-08-12,-0.5384615384615384,1.4500221041639685,13,-0.0064727808250418795
2016-08-16,0.0,0.0,3,-0.004498847457424238
2016-08-19,-2.0,1.632993161855452,4,-0.0025847914022406604
2016-08-22,0.5384615384615384,1.713446070320696,13,0.018464452314207458
2016-08-23,0.6,1.3416407864998738,5,-0.006997451049008063
2016-08-24,1.0,0.0,2,0.007046760410031272
2016-08-26,0.0,0.0,4,-0.0025674863399287595
2016-08-29,0.0,0.0,3,0.00772217061326308
2016-08-31,-0.5,0.7071067811865476,2,-0.010443256218036545
2016-09-01,0.0,0.966091783079296,31,-0.016629441077687934
2016-09-02,-0.375,1.408308678285174,16,-0.00878044097470776
2016-09-05,0.3333333333333333,1.0730867399773196,12,0.008202351629163163
2016-09-06,-1.0,1.0954451150103321,6,-0.014318477408800656
2016-09-07,-1.6666666666666667,2.886751345948129,3,0.0029713404385927067
2016-09-08,0.0,0.0,2,-0.00394969652915389
2016-09-09,-1.0,1.5491933384829668,6,-0.02148069254128293
2016-09-12,0.14285714285714285,0.37796447300922725,7,0.007429795977950127
2016-09-13,0.0,0.0,5,0.013409382466299968
2016-09-14,0.6,0.9660917830792959,10,0.009923888569632888
2016-09-15,1.5,0.5773502691896257,4,-0.0022927186059313875
2016-09-16,0.06666666666666667,0.8837151016885367,15,0.009520451298442811
2016-09-20,1.0,1.4142135623730951,2,-0.0003236863583602201
2016-09-26,-2.5,0.5773502691896257,4,-0.00202142506574321
2016-09-27,-0.8571428571428571,1.4638501094227998,7,-0.025320535906026786
2016-09-29,-0.10526315789473684,1.4100723717480785,19,-0.03448270537168441
2016-09-30,1.0,1.4142135623730951,4,-0.016428555389156885
2016-10-03,-0.16666666666666666,0.408248290463863,6,-0.01416138839130654
2016-10-04,0.8333333333333334,1.3291601358251257,6,0.0007369058189630184
2016-10-05,-1.3333333333333333,0.8660254037844386,9,0.022083116014221416
2016-10-06,0.5,1.0,4,-0.015124230627891033
2016-10-10,-0.18181818181818182,0.9816498172140428,11,0.0014798241255866706
2016-10-12,1.6,1.51657508881031,5,-0.005578265959873985
2016-10-13,-0.5,0.7071067811865476,2,-0.0063577620640020704
2016-10-14,0.0,0.0,2,0.018065736612635552
2016-10-17,0.0,1.632993161855452,7,0.007763630473519356
2016-10-18,0.5,1.0,4,0.009904368061233626
2016-10-19,0.0,0.0,2,0.0036323689916908375
2016-10-21,0.0,0.0,2,0.0194102566826706
2016-10-25,-0.13333333333333333,1.4074631010979937,15,-0.01843308228089635
2016-10-26,-0.0625,1.1814539065631522,16,-0.006861719363706165
2016-10-27,0.0,0.0,7,0.01563632384293645
2016-10-28,-0.8157894736842105,1.657990694687394,38,-0.14965990059427048
2016-10-31,0.1111111111111111,1.8435543958499072,18,0.02063151235281868
2016-11-01,0.8,1.3038404810405297,5,-0.004950304450226706
2016-11-02,-0.3333333333333333,1.96638416050035,6,-0.013681582525622349
2016-11-04,-0.38461538461538464,1.0439078454267836,13,-0.031672284135921824
2016-11-07,-0.875,1.246423454758225,8,0.0034889266556699106
2016-11-08,0.0,2.0,3,-0.02086046681446485
2016-11-09,0.5,1.7795130420052183,10,0.04083439899426633
2016-11-10,-0.5,1.0,4,-0.01535175330862748
2016-11-11,1.5,1.0,4,-0.010394250412351091
2016-11-15,-2.0,2.0,3,0.012680373047060156
2016-11-16,0.0,0.0,6,-0.0034542009766431736
2016-11-17,-1.3333333333333333,1.1547005383792517,3,-0.0043328725221047915
2016-11-21,-1.3333333333333333,1.1547005383792517,3,-0.008289746689462696
2016-11-22,0.0,1.6035674514745464,8,-0.014518404918853811
2016-11-23,1.1666666666666667,1.3291601358251257,6,-0.014732054427585184
2016-11-24,-0.6666666666666666,2.3094010767585034,3,0.0013592587295869762
2016-11-25,-0.6666666666666666,1.1547005383792517,3,0.02036209639395814
2016-11-28,0.0,0.0,4,0.015521045983568182
2016-11-29,0.0,0.0,3,0.004803490102266661
2016-11-30,1.0,2.692582403567252,9,0.034332945699199646
2016-12-01,1.3333333333333333,1.1547005383792517,3,-0.008823639209457279
2016-12-02,-1.6666666666666667,1.5275252316519468,3,0.007206418171810114
2016-12-05,1.25,2.5,4,0.005892355144730077
2016-12-06,0.75,0.9574271077563381,4,0.003765544648135055
2016-12-07,0.0,1.61245154965971,11,0.012922050449899913
2016-12-09,1.0,1.4142135623730951,2,0.04142721793236048
2016-12-12,-1.0,1.4142135623730951,2,-0.012209390514664409
2016-12-13,0.0,0.0,2,0.00318983606423906
2016-12-15,2.0,0.0,2,0.02497999586746058
2016-12-16,-0.16666666666666666,0.752772652709081,6,0.003537528181756233
2016-12-19,-0.5,3.5355339059327378,2,-0.0031334708134093114
2016-12-20,1.0,1.0954451150103321,6,0.0011786659354142692
2016-12-22,0.0,0.0,2,0.0031557905541521603
2016-12-23,1.5,2.1213203435596424,2,0.00275266523123463
2016-12-27,-2.0,2.8284271247461903,2,-0.0007844472772683408
2016-12-28,0.4,0.8944271909999159,5,0.0015700559337259445
2016-12-30,-1.5,2.1213203435596424,2,-0.005078114859452865
2017-01-02,-1.5,0.7071067811865476,2,0.01688249195393632
2017-01-03,1.0,1.0,3,-0.001544457141055
2017-01-04,0.3333333333333333,1.0,9,-0.01005398064388452
2017-01-05,4.0,0.0,2,0.012500028863659862
2017-01-06,-0.6666666666666666,1.1547005383792517,3,-0.00848778597936184
2017-01-09,0.0,0.0,4,-0.0035018102200220502
2017-01-10,0.8,1.0954451150103321,5,-0.008200093586656187
2017-01-11,-1.0,1.0,3,0.005118100740538978
2017-01-12,-0.9583333333333334,1.1970676733137329,24,-0.039952928124246
2017-01-13,0.5,1.4337208778404378,10,0.021215935770003025
2017-01-16,0.8,1.0954451150103324,5,0.007590644381405998
2017-01-17,0.3333333333333333,0.5773502691896258,3,-0.009119631694642583
2017-01-18,0.23076923076923078,1.4806443503784736,13,0.002400795940588285
2017-01-19,0.0,0.0,6,0.0
2017-01-20,0.5,1.0,4,-0.006786261405035909
2017-01-23,0.0,0.0,2,-0.020096430496331696
2017-01-24,0.2,0.6324555320336759,10,-0.015586408924740947
2017-01-25,0.0,0.0,6,0.009999686523183948
2017-01-27,0.0,0.0,2,0.011803163282171125
2017-01-30,-0.09090909090909091,1.513574937328539,11,-0.0024136382341278795
2017-01-31,-0.9090909090909091,1.513574937328539,11,-0.002419477978683915
2017-02-01,0.3333333333333333,0.5773502691896258,3,0.008488385353218053
2017-02-02,-0.5185185185185185,1.577982411191104,27,-0.0729458963876839
2017-02-03,0.125,0.3535533905932738,8,0.004755725410759082
2017-02-06,0.0,0.0,2,0.0004302502789459428
2017-02-07,-0.2,1.4832396974191326,5,0.004301191747616562
2017-02-08,-1.0,1.7320508075688772,3,-0.0021414237222706634
2017-02-13,0.0,0.0,2,0.00124292534315118
2017-02-14,-1.0,1.1547005383792515,4,0.0
2017-02-15,0.0,0.0,2,0.0
2017-02-16,0.0,0.0,6,0.019445458548870587
2017-02-20,2.0,1.7320508075688772,3,-0.004048547175310668
2017-02-21,-1.0,1.1547005383792515,4,0.015040626015796033
2017-02-22,-0.5,0.7071067811865476,2,-0.0012014669547087964
2017-02-23,-2.0,2.8284271247461903,2,-0.002405824427966663
2017-02-24,-1.25,2.5,4,0.0020097366463101007
2017-02-27,-0.3333333333333333,1.5275252316519465,3,0.0008021673175593325
2017-02-28,-0.3333333333333333,0.5163977794943222,6,-0.0012025019277077664
2017-03-01,-0.32,1.725301905947671,25,-0.013242296364552097
2017-03-02,-0.6666666666666666,1.0327955589886446,6,-0.0004065565382391778
2017-03-03,1.0,1.4142135623730951,2,-0.010171108141164398
2017-03-06,-0.2,0.4472135954999579,5,-0.020139534130348635
2017-03-07,0.0,0.0,3,-0.014261768793845997
2017-03-08,-0.16666666666666666,0.408248290463863,6,-0.010212675654705405
2017-03-09,-0.3333333333333333,2.5166114784235836,3,0.002149555360407396
2017-03-13,-0.6,1.3416407864998738,5,0.0
2017-03-14,-0.3333333333333333,1.5275252316519465,3,0.0063722679871227594
2017-03-15,0.0,0.0,3,-0.008442231406470935
2017-03-16,-0.5,0.7071067811865476,2,0.004682840289660817
2017-03-17,0.0,0.0,2,-0.0016949761047914125
2017-03-21,0.0,0.0,2,-0.011372922446817535
2017-03-22,0.42857142857142855,0.7867957924694432,7,-0.005113016891380107
2017-03-23,-0.42857142857142855,0.7867957924694432,7,0.0029977937520659914
2017-03-24,0.625,1.1877349391654206,8,0.008710962626765628
2017-03-27,-0.5,1.0,4,0.008203608978315513
2017-03-28,0.0,0.0,5,0.006852225010192559
2017-03-29,0.0,0.0,3,0.003828191940838055
2017-04-03,0.0,0.0,3,-0.002505338545896185
2017-04-04,0.25,0.5,4,0.04939315604066441
2017-04-05,0.6666666666666666,1.1547005383792517,3,0.0015954217503981738
2017-04-06,0.0,0.0,2,-0.012345592670623962
2017-04-07,-1.25,1.5,4,-0.0024194701921101958
2017-04-10,-1.1666666666666667,0.752772652709081,6,0.017785080166485834
2017-04-11,0.5,0.7071067811865476,2,0.0015883823725613144
2017-04-12,0.0,0.0,3,0.0051547698245459905
2017-04-18,0.4,0.894427190999916,5,-0.004339365240368154
2017-04-20,-0.2,0.447213595499958,5,-0.0023716547004581923
2017-04-21,-1.0,0.0,2,-0.010697191492369806
2017-04-25,1.1666666666666667,0.983192080250175,6,0.014800028603568549
2017-04-26,1.2,1.6431676725154984,5,0.010642445921308363
2017-04-27,1.1428571428571428,1.9518001458970664,7,0.036661530515511576
2017-04-28,0.0,0.0,4,-0.00037639485610874157
2017-05-01,-0.3,0.9486832980505138,10,-0.015430861749937463
2017-05-02,-0.4,0.894427190999916,5,0.011850272563384667
2017-05-03,1.1428571428571428,2.0496483115544972,28,0.0676236807343007
2017-05-04,0.18181818181818182,0.40451991747794525,11,-0.005661755370980681
2017-05-05,0.8,1.788854381999832,5,-0.010676042268703001
2017-05-08,-1.0,1.4142135623730951,2,-0.0017987522502563857
2017-05-09,0.0,0.0,2,-0.013333170484161383
2017-05-15,-3.5,2.1213203435596424,2,-0.0018188447959139875
2017-05-16,-1.6666666666666667,2.4221202832779936,6,0.0018221590203655325
2017-05-17,-1.0,1.4142135623730951,2,-0.020734907331671937
2017-05-22,0.0,0.0,5,0.017254131781060167
2017-05-23,-0.4,0.894427190999916,5,0.0007215842608694345
2017-05-29,-0.6666666666666666,2.3094010767585034,3,-0.001443879769288614
2017-06-01,0.2,2.7406406388125952,10,0.010660991854418489
2017-06-02,-0.8571428571428571,1.864454471471609,7,0.024965147886146788
2017-06-06,1.3333333333333333,1.1547005383792517,3,-0.013722257337779209
2017-06-07,0.0,0.0,4,-0.01947831417572099
2017-06-09,-0.75,1.5,4,0.008852700907059807
2017-06-12,-0.5,0.7977240352174656,12,0.01228508725213473
2017-06-13,0.0,0.0,3,0.008668524712206693
2017-06-14,-0.8,1.0954451150103324,5,0.0037814081780778164
2017-06-15,-0.5714285714285714,1.1338934190276817,7,-0.02328750119078893
2017-06-16,0.625,0.9161253813129042,8,-0.0007014598640823211
2017-06-21,1.2,1.0954451150103321,5,-0.0003443915024706756
2017-06-23,-1.1666666666666667,1.4719601443879744,6,0.00615997780157862
2017-06-26,1.0,1.4142135623730951,8,0.0010205765702115954
2017-06-28,0.0,0.0,2,-0.013893785617857701
2017-07-04,-0.5,1.0,4,-0.005734559154860208
2017-07-05,-4.0,0.0,2,-0.001441987630989905
2017-07-06,-1.0,0.0,2,-0.007942384791073898
2017-07-10,-0.8,1.0954451150103321,5,0.0025611746383888967
2017-07-11,-0.3333333333333333,0.5773502691896258,3,-0.00547445816861758
2017-07-17,0.0,0.0,4,0.007202213929360379
2017-07-18,-0.6666666666666666,1.0327955589886444,6,-0.013943673671172885
2017-07-24,-0.4,1.6733200530681511,5,-0.021953916848152066
2017-07-25,1.3333333333333333,1.1547005383792517,3,0.004489355150479435
2017-07-27,0.0,0.0,4,-0.012345545993766471
2017-07-28,1.0,1.7320508075688772,5,0.0037877487726500902
2017-07-31,-0.2222222222222222,0.6666666666666667,9,0.011698362626842762
2017-08-01,0.0,0.0,2,-0.004849254677311565
2017-08-07,-0.5,1.0,4,-0.012020929012732773
2017-08-08,-0.6666666666666666,1.1547005383792517,3,-0.004182753237457204
2017-08-09,-0.5294117647058824,1.2307338795828044,17,0.07865629922933515
2017-08-10,0.0,1.632993161855452,4,-0.006018026853043756
2017-08-11,-1.5,1.6903085094570331,8,0.031695340884202894
2017-08-14,-1.0,1.4142135623730951,2,-0.007249042260791927
2017-08-15,-1.0,1.1547005383792515,4,0.004868084823683727
2017-08-16,1.0,1.1547005383792515,4,-0.010380692433438754
2017-08-17,-0.3333333333333333,0.5773502691896258,3,0.020978978898952727
2017-08-18,0.0,0.0,6,-0.008996530594374441
2017-08-21,1.0,1.4142135623730951,2,0.004189879124587792
2017-08-24,1.0,2.8284271247461903,2,0.0003475537576373977
2017-08-25,0.0,4.320493798938574,4,0.003471976423076617
2017-08-28,0.3333333333333333,1.3706888336846839,12,0.005882376997518257
2017-08-29,0.25,2.0615528128088303,4,-0.008255865525108375
2017-08-30,1.0,1.4142135623730951,2,0.010058864705345893
2017-08-31,-0.5,0.7071067811865476,2,0.023351564970927496
2017-09-01,0.0,0.0,2,0.0013425139246887596
2017-09-04,0.0,2.309401076758503,4,-0.0046918582815562715
2017-09-05,-0.3333333333333333,0.5773502691896258,3,-0.0040405170625879006
2017-09-06,-0.4,1.2983506020002016,15,0.010818463366658593
2017-09-07,-1.0,1.4142135623730951,2,0.0
2017-09-11,0.0,0.0,4,0.015830316540765388
2017-09-12,0.3333333333333333,0.5773502691896258,3,0.0
2017-09-13,1.0,1.1547005383792515,4,0.00795731999675442
2017-09-19,0.0,1.4142135623730951,5,-0.0013243868351390242
2017-09-20,0.0,0.0,3,0.0059681052542286395
2017-09-21,0.25,2.0615528128088303,4,0.009888097814075403
2017-09-25,0.0,0.0,4,0.009156643488600125
2017-09-26,-0.6666666666666666,1.1547005383792517,3,-0.01620235147497162
2017-09-27,1.6666666666666667,0.5773502691896257,3,0.005599495203875815
2017-09-28,-0.3333333333333333,0.5773502691896258,3,-0.005896004066162641
2017-09-29,0.3333333333333333,0.5773502691896258,3,-0.008237252668525596
2017-10-02,1.0909090909090908,1.044465935734187,11,0.02956822164525197
2017-10-05,0.0,0.0,4,-0.0076897228409639196
2017-10-09,-0.6666666666666666,1.1547005383792517,3,0.0009638695794762508
2017-10-10,0.0,0.0,3,-0.014767296594106583
2017-10-12,0.0,0.0,2,-0.0038858942937690655
2017-10-13,0.0,2.0,3,-0.031859468959503645
2017-10-16,1.4545454545454546,1.0357254813546264,11,0.05003367001008874
2017-10-17,1.5,2.1213203435596424,2,-0.0044774071969343465
2017-10-18,0.8888888888888888,1.4529663145135578,9,0.020880300236808758
2017-10-19,-0.23076923076923078,1.640825308284734,13,0.0053494074425957105
2017-10-20,1.0,1.4142135623730951,2,-0.002504018233909333
2017-10-23,-0.42857142857142855,1.1338934190276817,7,0.0018825917201739095
2017-10-24,-0.42857142857142855,2.14919697074224,7,-0.006890119527880545
2017-10-25,0.6666666666666666,1.1547005383792517,3,0.0025230802758506865
2017-10-27,2.0,2.8284271247461903,2,0.01856003652117555
2017-10-31,-0.75,1.5,4,-0.0021978815948862085
2017-11-01,-0.13043478260869565,1.0137396037394037,23,0.0031465751421329013
2017-11-03,1.0,1.4142135623730951,2,-0.0022058653559944297
2017-11-10,-1.3333333333333333,1.1547005383792517,3,0.009850390096523443
2017-11-16,0.0,0.0,5,0.019126756049782534
2017-11-17,2.5,0.7071067811865476,2,0.0034404768260367646
2017-11-20,-0.6666666666666666,0.5773502691896258,3,0.0155860738920639
2017-11-21,0.38461538461538464,1.2608503439122303,13,0.008594434268651474
2017-11-22,0.6666666666666666,1.1547005383792517,3,-0.002434673731504855
2017-11-23,-0.5,0.7071067811865476,2,0.001525345130014344
2017-11-28,0.0,0.0,3,0.004958052016727166
2017-11-29,-1.0,1.7320508075688772,3,-0.0070920571832214785
2017-11-30,0.4,0.5477225575051662,5,0.002484361144690972
2017-12-01,4.0,0.0,2,0.010222956552865314
2017-12-05,1.2727272727272727,1.4893561757289013,11,-0.01578464924974099
2017-12-06,0.7272727272727273,1.2720777563426766,11,0.03364773463269599
2017-12-07,0.5,0.7071067811865476,2,-0.009431056018330164
2017-12-12,1.3333333333333333,1.1547005383792517,3,0.02334759169693368
2017-12-13,0.5,0.7071067811865476,2,-0.0005925404380782151
2017-12-14,0.0,0.0,2,-0.002668373579309047
2017-12-15,0.75,1.0350983390135313,8,-0.020511300714437963
2017-12-18,0.0,0.0,2,0.016692230460050084
2017-12-19,0.0,0.0,2,-0.008060183924147535
2017-12-20,0.3333333333333333,0.5773502691896258,3,-0.0024073565754005877
2017-12-21,0.5,1.0,4,0.010256558137291316
2017-12-22,-2.0,2.8284271247461903,2,0.002687496250355137
2017-12-29,0.6,0.8944271909999159,5,-0.00029878607249655964
2018-01-02,0.0,0.0,2,-0.0016441263091385716
2018-01-03,0.5,1.224744871391589,6,0.012127405258647528
2018-01-08,-0.23809523809523808,1.0910894511799618,21,0.004137774589245691
2018-01-09,-0.5,0.5773502691896257,4,0.0061810347861745996
2018-01-10,0.5,1.224744871391589,6,-0.0045341858700980175
2018-01-11,-0.1,0.5676462121975466,10,-0.00528929199282091
2018-01-15,1.0,1.1547005383792515,4,-0.005348330956343239
2018-01-16,-1.0,1.7320508075688772,3,0.012696144967186074
2018-01-17,-0.6666666666666666,1.1547005383792517,3,0.008849495816018349
2018-01-18,0.0,0.0,5,0.0
2018-01-19,0.125,0.8345229603962803,8,0.021929774632220234
2018-01-23,0.0,0.0,3,0.004709907019451398
2018-01-25,0.25,1.2583057392117916,4,-0.011218242277396984
2018-01-26,-0.75,1.5,4,0.01120010258030324
2018-01-29,-0.15789473684210525,1.3849652179642493,19,-0.00589763944416144
2018-01-30,-0.5454545454545454,0.9341987329938275,11,-0.012443891829684639
2018-01-31,0.6,2.2705848487901865,10,-0.0230036508395709
2018-02-01,-0.2777777777777778,1.0178151661369075,18,-0.07318538706998523
2018-02-02,0.0,1.4142135623730951,5,-0.01990287728872686
2018-02-05,0.5714285714285714,1.511857892036909,7,0.006108642236612338
2018-02-07,-1.0,1.4142135623730951,2,0.03207725387216276
2018-02-09,2.5,0.7071067811865476,2,-0.004489620534179006
2018-02-16,1.0,1.4142135623730951,2,0.027031669105964218
2018-02-19,0.0,0.0,6,-0.017227773105217725
2018-02-21,-1.4,1.51657508881031,5,0.01437587563284759
2018-02-22,1.0,1.1547005383792515,4,0.020859835680374417
2018-02-23,0.0,0.0,5,0.009826998670054765
2018-03-02,-1.0,2.3804761428476167,7,-0.01411423713145521
2018-03-13,1.6666666666666667,2.0816659994661326,3,-0.015316885073913156
2018-03-14,0.0,0.0,3,-0.00016555243778548778
2018-03-22,-0.8888888888888888,1.0540925533894598,9,-0.02182104423636899
2018-03-23,1.0,1.4142135623730951,4,0.008866200747912556
2018-03-26,0.14285714285714285,1.2149857925879117,7,0.007731949825894091
2018-03-27,1.3333333333333333,1.1547005383792517,3,0.0011936648021317886
2018-03-28,0.0,3.4641016151377544,3,0.013283178302965881
2018-04-03,-0.75,0.9574271077563381,4,-0.00268901239281516
2018-04-04,0.0,0.0,2,-0.016683635451773093
2018-04-05,0.8,1.0954451150103324,5,0.022107969270219074
2018-04-06,0.0,0.0,2,-0.004359726379006501
2018-04-10,0.0,0.0,2,0.015791359312409048
2018-04-12,0.0,0.0,2,0.002825317645596126
2018-04-16,1.3333333333333333,1.1547005383792517,3,0.002194868220439128
2018-04-17,0.5,0.7071067811865476,2,-0.0032013296784706435
2018-04-18,0.0,0.0,3,-0.009127575235890362
2018-04-19,2.0,0.0,2,-0.018935585660384335
2018-04-24,3.0,3.366501646120693,4,0.012096785131135768
2018-04-25,1.6,1.6733200530681511,5,-0.011605886247655794
2018-04-30,0.0,0.0,2,0.009688471051146452
2018-05-01,0.0,0.0,2,0.0085677735799643
2018-05-02,1.2777777777777777,1.487420014875958,18,0.04315325760922173
2018-05-03,0.0,0.0,4,-0.022801423199020565
2018-05-08,0.0,0.0,3,0.014446964699731835
2018-05-14,1.75,1.6690459207925603,8,0.0444704931702018
2018-05-15,0.0,0.0,3,-0.028863041001667034
2018-05-16,0.25,0.5,4,0.012643658227214694
2018-05-17,-0.25,0.5,4,0.004053903698516326
2018-05-18,0.0,0.0,3,-0.009043932701650825
2018-05-22,-0.25,0.5,4,0.004889283176292114
2018-05-23,-1.5,1.0,4,-0.008920054876867978
2018-05-29,3.0,1.4142135623730951,2,-0.008824983168625566
2018-05-30,-0.1111111111111111,1.69148192751537,9,-0.003462574459270784
2018-06-06,0.0,0.0,3,-0.017499982341483422
2018-06-07,-0.8,1.788854381999832,5,-0.014588520553688422
2018-06-08,-0.375,0.806225774829855,16,-0.016870555009089405
2018-06-11,-0.6666666666666666,1.1547005383792517,3,-0.005778364116095003
2018-06-13,0.0,0.0,2,0.008199511227374945
2018-06-18,0.0,0.0,2,0.0022659980340635766
2018-06-19,0.0,0.0,3,0.0017392065306001125
2018-06-20,1.0,1.4142135623730951,2,0.0019097355637562874
2018-06-21,0.75,1.6503588126605426,20,0.03690856780102192
2018-06-22,0.0,0.0,3,0.006015789015139772
2018-06-27,0.0,0.0,2,-0.002542483903815951
2018-06-28,0.0,0.0,5,-0.009345632010395621
2018-07-09,-1.0,1.0,3,0.005702433598009815
2018-07-10,-1.0,1.4142135623730951,2,0.019601518289181774
2018-07-11,0.0,0.0,3,-0.012075241239761336
2018-07-16,2.6666666666666665,2.250925735484551,6,-0.002683494602109926
2018-07-17,0.0,0.0,2,0.009022003684653779
2018-07-25,0.0,0.0,2,-0.0035466142748371565
2018-07-27,0.0,0.0,5,-0.01047857180947187
2018-07-31,-0.3333333333333333,0.5773502691896258,3,-0.01501569767084654
2018-08-06,0.0,0.0,5,-0.0012483052453280408
2018-08-07,-0.3333333333333333,0.816496580927726,6,0.009062391736487818
2018-08-08,-0.17391304347826086,1.1928641587313162,23,-0.05961609334625828
2018-08-09,-1.3333333333333333,1.1547005383792517,3,0.0027993763655849158
2018-08-14,0.0,0.0,2,0.035679455813484084
2018-08-17,0.16666666666666666,1.3291601358251257,6,-0.00305519001434873
2018-08-20,-0.25,0.5,4,0.00951626554628926
2018-08-21,1.5,2.1213203435596424,2,0.015177897270264973
2018-08-22,0.0,0.0,2,-0.005350875629288043
2018-08-29,0.0,0.0,3,0.0018906020596540785
2018-08-30,-1.5,3.0,4,-0.0022016798692717776
2018-08-31,0.0,0.0,2,-0.007880132684200403
2018-09-03,0.0,2.0,3,-0.006354347260060789
2018-09-04,0.0,0.0,2,0.0055956635631249085
2018-09-05,0.6666666666666666,1.1547005383792517,3,-0.025437274826926815
2018-09-06,1.5,2.1213203435596424,2,0.001141801285273747
2018-09-07,1.0,1.4142135623730951,2,0.0074955921692607674
2018-09-18,-0.1111111111111111,0.7817359599705717,9,-0.006101315458116208
2018-09-19,0.0,0.0,6,-0.003982185738198973
2018-09-28,-0.6666666666666666,1.1547005383792517,3,-0.004280562617063333
2018-10-01,2.0,0.0,2,-0.008763286712285212
2018-10-03,0.3333333333333333,0.5773502691896258,3,0.0004951436438986878
2018-10-04,0.75,2.659215781283755,8,-0.07243042151135792
2018-10-05,-0.2857142857142857,1.3801311186847085,7,0.01760965696906358
2018-10-08,0.0,0.0,2,-0.02656880858313193
2018-10-10,0.0,0.0,2,-0.009747252387774408
2018-10-11,-1.0,0.0,2,-0.025519416347889567
2018-10-12,1.0,1.4142135623730951,2,0.022633796657322236
2018-10-15,-0.8,1.3038404810405297,5,-0.0010975232025520754
2018-10-16,1.25,2.217355782608345,4,0.012085836905682212
2018-10-17,-0.4,0.894427190999916,5,0.012122096881540978
2018-10-23,-0.3333333333333333,1.5275252316519468,3,-0.014642869465586239
2018-10-24,0.0,0.0,2,0.016672627501286508
2018-10-29,0.5,0.7071067811865476,2,0.021272781081503656
2018-10-30,0.0,0.0,2,-0.0032044651609456354
2018-10-31,0.6,1.3416407864998738,5,0.017681871726105358
2018-11-01,-0.42857142857142855,0.7867957924694432,7,0.009476967777233725
2018-11-02,0.0,0.0,2,-0.004694172762237714
2018-11-05,1.0,1.4142135623730951,2,-0.008908097846510477
2018-11-06,-0.5,0.7071067811865476,2,-0.008988635007895707
2018-11-08,-1.0,1.4142135623730951,2,0.013672637370683915
2018-11-19,0.25,0.7071067811865476,8,0.022341168955133606
2018-11-21,1.0,1.7320508075688772,3,0.001730361275595893
2018-11-23,0.7142857142857143,1.2535663410560174,7,0.03664908376999887
2018-11-26,2.75,0.9574271077563381,4,0.026431018371194215
2018-11-30,0.0,0.0,2,0.023069321796110653
2018-12-07,0.0,0.0,2,0.0143578230338548
2018-12-10,0.5,1.0,4,-0.0013318890111723158
2018-12-14,0.2,1.7888543819998317,5,0.016560030273607307
2018-12-17,0.0,0.0,3,-0.01612906692389271
2018-12-18,2.0,0.0,2,-0.01147536936881044
2018-12-27,0.0,0.0,3,-0.010803612068706614
2018-12-28,0.0,0.0,2,0.016723789148911372
2019-01-02,1.0,1.4142135623730951,2,0.021483693542009297
2019-01-03,0.5,0.7071067811865476,2,0.01873152027689806
2019-01-09,-0.3333333333333333,2.0816659994661326,3,0.008267026929460242
2019-01-10,1.6666666666666667,2.0816659994661326,3,-0.008041656716808343
2019-01-14,0.0,0.0,2,-0.035151824218941696
2019-01-16,1.3333333333333333,1.1547005383792517,3,-0.0046933772011594765
2019-01-23,0.5,1.0,4,-0.014715133274949777
2019-01-24,-1.5,2.1213203435596424,2,-0.00786896156200112
2019-01-28,-1.5,2.1213203435596424,2,-0.007259355556720748
2019-01-30,-2.5,3.5355339059327378,2,0.010724305314399718
2019-01-31,0.6,1.3416407864998738,5,-0.006856043426575198
2019-02-01,0.9230769230769231,1.8009968749527976,13,0.04355694836668422
2019-02-04,-0.75,1.5,4,-0.008662548879396992
2019-02-05,0.0,2.6457513110645907,3,0.01779470111744863
2019-02-06,-0.42857142857142855,0.7867957924694432,7,-0.0034344578224532185
2019-02-11,3.0,0.0,2,0.00845199236633265
2019-02-13,-1.5,2.1213203435596424,2,0.0
2019-02-14,-0.6666666666666666,3.0550504633038935,3,0.010769193552321976
2019-02-19,2.0,0.0,2,-0.01654130969067702
2019-02-25,0.0,0.0,2,-0.005812346060980134
2019-02-27,0.3333333333333333,1.5275252316519468,3,-0.011824272648182976
2019-03-01,2.0,0.0,2,0.012272874958998203
2019-03-04,0.25,1.2583057392117916,4,-0.0033760704429669497
2019-03-05,0.0,0.0,2,0.010471035518087257
2019-03-14,2.0,2.8284271247461903,2,0.007564312379772842
2019-03-15,-0.5,2.345207879911715,6,0.006005898453756764
2019-03-18,0.0,0.0,3,0.011343220887612526
2019-03-19,-0.6666666666666666,1.1547005383792517,3,0.016824189719899962
2019-03-21,0.0,0.0,2,0.00014481763611984277
2019-03-22,-0.25,0.5,4,-0.00927810258756867
2019-03-26,1.5,1.0,4,0.0212733795657305
2019-04-01,0.0,0.0,2,-0.0022960885114475804
2019-04-05,1.5,0.7071067811865476,2,0.0007407068223288515
2019-04-08,0.0,0.0,2,0.00680870121063859
2019-04-09,-0.5,1.0,4,-0.0024991733266099825
2019-04-10,0.0,1.4142135623730951,5,0.00044196485832848076
2019-04-11,-1.25,0.9574271077563381,4,-0.0017677552660165796
2019-04-24,0.0,2.0,3,-0.002620631029578546
2019-04-26,1.875,1.5526475085202969,8,0.01267771562050668
2019-04-29,0.6666666666666666,1.0327955589886446,6,0.013587955271552765
2019-04-30,-0.25,1.2583057392117916,4,-0.019430725638759028
2019-05-02,0.0,0.816496580927726,4,-0.0007638031501415732
2019-05-03,0.42857142857142855,0.8516306272526402,14,-0.02965897784461735
2019-05-06,1.0,1.4142135623730951,2,0.00015759153803762693
2019-05-09,0.0,1.632993161855452,4,-0.004170589995693419
2019-05-10,1.0,1.4142135623730951,2,-0.007290083318291951
2019-05-24,2.5,0.7071067811865476,2,0.00015430336690358537
2019-05-28,1.5,2.1213203435596424,2,0.005444128619376265
2019-06-07,-1.25,1.5,4,-0.011148340738998952
2019-06-11,0.2222222222222222,1.5634719199411433,9,0.05220069826496032
2019-06-12,1.2222222222222223,1.3017082793177757,9,0.01570518121952058
2019-06-17,0.2,1.4832396974191326,5,0.00014658802635070245
2019-06-18,1.4285714285714286,1.1338934190276817,7,0.021876477650433213
2019-06-20,0.0,0.0,3,-0.017594219829025204
2019-06-21,1.5,2.1213203435596424,2,-0.02246040467036292
2019-06-26,0.5,0.7071067811865476,2,-0.009337233193768224
2019-07-08,-1.2,1.0954451150103321,5,-0.014441485228081308
2019-07-12,0.2857142857142857,0.7559289460184545,7,-0.025229230743292863
2019-07-24,0.0,0.0,6,0.031951365942963994
2019-07-29,-0.18181818181818182,1.1677484162422844,11,0.0032035088710011816
2019-08-08,0.0,0.0,3,0.026993830076607495
2019-08-09,0.7777777777777778,1.262842524557225,18,-0.0023894565157729364
2019-08-12,0.0,1.2649110640673518,6,0.007335471159100715
2019-08-14,-1.5,2.1213203435596424,2,-0.020670515984478666
2019-08-16,-1.75,2.659215781283755,8,0.02235942422499204
2019-08-19,0.6,1.2649110640673518,10,-0.010071902578240866
2019-08-20,0.3333333333333333,0.5773502691896258,3,0.0017443654923712248
2019-08-22,-0.5,3.5355339059327378,2,0.013857242860451535
2019-08-28,-2.5,0.7071067811865476,2,-0.0026866746731810665
2019-08-29,-0.75,1.5,4,0.006238567821929664
2019-08-30,0.0,0.0,3,-0.007186345851213138
2019-09-04,2.0,2.8284271247461903,2,0.003046487174328538
2019-09-06,-0.6666666666666666,1.1547005383792517,3,0.006477755939111152
2019-09-09,0.0,0.0,3,-0.04253533832259426
2019-09-10,0.0,0.0,2,-0.02864221935082978
2019-09-12,-2.0,1.632993161855452,4,-0.0010217282218121237
2019-09-16,0.0,0.0,2,-0.007871689128863602
2019-09-17,0.5,1.0,4,0.030838232317929926
2019-09-18,-0.5,0.7071067811865476,2,0.0042115699555969055
2019-09-19,0.4,0.8944271909999159,5,0.010701297987739444
2019-09-20,0.6,1.2649110640673518,10,0.025897967323963655
2019-09-23,0.3333333333333333,1.6583123951777,9,0.004742059441336766
2019-09-24,1.0,1.0,3,0.0005551234817864348
2019-09-27,0.0,0.0,2,-0.009356130953127262
2019-10-01,-0.5,0.7071067811865476,2,-0.01675432965823398
2019-10-03,-1.5,2.1213203435596424,2,0.008713686567092482
2019-10-04,1.0,1.0,5,0.018740774135794336
2019-10-07,1.6666666666666667,2.8867513459481287,3,0.014228310085585116
2019-10-14,0.0,0.0,2,0.021028428614652483
2019-10-15,1.0,0.0,2,0.0019749560521802323
2019-10-22,0.0,0.0,3,0.0226693358415071
2019-10-23,2.0,2.8284271247461903,2,-0.003325001750831058
2019-10-31,1.0,3.0,3,-0.015738519343483914
2019-11-01,0.25,1.2817398889233114,8,0.03567044507011796
2019-11-04,-0.3333333333333333,2.3380903889000244,6,0.004222668723886214
2019-11-07,0.0,0.0,3,-0.005640828211327054
2019-11-18,1.0,2.449489742783178,6,-0.01844032454477995
2019-11-20,0.058823529411764705,1.2485285456935955,17,-0.04096221090678731
2019-11-21,-0.5,1.0,4,-0.016135598519167127
2019-11-22,0.6666666666666666,1.1547005383792517,3,0.014333005264257848
2019-12-06,0.0,0.0,2,-0.004020680485553152
2019-12-09,0.0,1.4142135623730951,2,0.0018231295744506326
2019-12-10,0.7777777777777778,2.488864087178013,9,-0.0032497666566397854
2019-12-11,0.6666666666666666,1.1547005383792517,3,-0.0026081708773172396
2019-12-16,1.0,1.0,3,0.022715403480088714
2019-12-19,2.0,0.0,3,0.010765517341516873
2019-12-23,2.0,0.0,2,-0.0008945983552692827
2020-01-02,1.5,0.7071067811865476,2,0.005302056622855211
2020-01-06,-0.5,1.9148542155126762,4,-0.003001203537370989
2020-01-13,2.0,0.0,2,-0.0006292098107277821
2020-01-15,1.5714285714285714,1.5118578920369088,7,0.05030106424208136
2020-01-16,0.6666666666666666,1.632993161855452,6,-0.02018388243545821
2020-01-17,1.75,2.9860788111948193,4,0.008166655472116702
2020-01-20,0.4,0.5477225575051661,5,0.001813614370540062
2020-01-21,2.5,3.5355339059327378,2,-0.0033792271942403307
2020-01-29,-0.5,1.0,4,0.013712183688908475
2020-01-31,0.0,0.0,2,0.0043825775651598065
2020-02-05,0.3,2.1628170930011112,10,0.045798611081241614
2020-02-07,0.5,1.0,4,-0.01581351367574324
2020-02-11,1.0,1.4142135623730951,2,0.003120419329983859
2020-02-12,0.0,0.0,2,-0.00149775606415814
2020-02-20,-1.0,1.4142135623730951,2,-0.0030406515989703786
2020-03-04,1.0,2.0,4,0.02134776416462536
2020-03-09,-0.6666666666666666,2.3094010767585034,3,-0.03188354679950156
2020-03-19,2.5,0.7071067811865476,2,0.005094367120304533
2020-03-26,0.3333333333333333,2.8867513459481287,3,0.053064622327310795
2020-03-31,1.5,0.7071067811865476,2,0.010621166765161227
2020-04-01,1.0,1.4142135623730951,2,0.014053516299328717
2020-04-30,0.0,0.0,2,0.005207623791962268
2020-05-05,0.0,0.0,2,-0.0041674718406938815
2020-05-06,0.7272727272727273,1.9021518914592013,11,0.006045022542146228
2020-05-07,-1.0,1.7320508075688772,3,-0.0016177981518079587
2020-05-11,-1.0,1.4142135623730951,2,0.016203751140842604
2020-05-13,0.0,0.0,2,0.0
2020-05-14,-0.2,1.8135294011647258,10,0.00768706779518169
2020-05-26,0.6666666666666666,1.1547005383792517,3,-0.02887719330369498
2020-05-29,-2.5,3.5355339059327378,2,-0.006377381143808147
2020-06-02,0.0,0.0,3,-0.0055013692764165345
2020-06-04,3.0,2.8284271247461903,2,-0.0018590969961868042
2020-06-11,1.0,1.4142135623730951,2,-0.0025182552022865456
2020-06-12,1.0,1.4142135623730951,2,-0.008262616861716254
2020-06-15,0.0,0.0,2,-0.006248499580661981
2020-06-16,1.0,1.4142135623730951,2,0.0060548773259310185
2020-06-18,-1.0,1.7320508075688772,3,-0.014497607079419939
2020-06-19,-0.2,1.788854381999832,5,0.0247463586574872
2020-06-24,-1.25,1.5,4,-0.01838938850045657
2020-06-29,0.8,1.3038404810405297,5,-0.01170451581429477
2020-07-02,0.0,0.0,2,0.015239058452458432
2020-07-29,0.0,0.0,2,-0.019414219663188903
2020-08-06,-0.07142857142857142,1.1411388181101378,14,-0.018146008424016702
2020-08-07,1.0,2.449489742783178,4,0.01585915442409913
2020-08-14,0.0,0.0,2,-0.007410062352954383
2020-08-17,0.0,0.0,2,0.015894010395288705
2020-08-20,0.0,0.0,2,-0.003346023651978891
2020-08-21,-1.0,1.4142135623730951,2,0.002757782352498017
2020-09-02,0.5,0.7071067811865476,2,0.005343089896959974
2020-09-04,1.0,1.4142135623730951,2,-0.012199550610454302
2020-09-07,0.0,0.0,3,0.011983361070072585
2020-09-15,0.5,0.7071067811865476,2,0.020023801186872747
2020-09-28,0.5,0.8366600265340756,6,0.006372362496243289
2020-10-08,0.0,1.632993161855452,4,0.011744403077377452
2020-10-09,1.125,1.6420805617960927,8,0.03288944410359296
2020-10-27,-1.0,1.4142135623730951,2,-0.018681029356390155
2020-10-30,0.0,2.0,12,-0.03411365868010263
2020-11-02,-1.25,2.5,4,0.014980052438905211
2020-11-06,0.7272727272727273,1.1037127426019047,11,-0.014058017622709862
2020-11-09,-0.5,1.2909944487358056,4,-0.034691875412417805
2020-11-11,1.0,1.4142135623730951,2,0.012926928166125506
2020-11-16,0.0,0.0,2,-0.0132867999308528
2020-11-17,1.25,1.5,4,-0.005787702967742003
2020-12-01,-1.3333333333333333,1.1547005383792517,3,-0.006433117164499125
2020-12-04,1.0,1.4142135623730951,2,0.005449968981001918
2020-12-08,0.5,0.7071067811865476,2,0.00608592659575069
2020-12-09,0.0,0.0,3,0.024670912428574665
2020-12-16,0.0,0.0,3,0.04208422412842161
2020-12-17,0.25,0.5,4,-0.010294068616610641
2021-01-11,-1.0,1.4142135623730951,2,0.011394399127152344
2021-01-13,-0.75,1.5,4,0.01631456831971101
2021-01-15,0.3333333333333333,0.5773502691896258,3,0.01234989198694314
2021-01-20,1.0,1.4142135623730951,2,-0.011809236404790036
2021-01-21,0.5,0.7071067811865476,2,0.0007892174396313401
2021-01-29,1.0,1.4142135623730951,2,-0.025541098965579434
2021-02-03,0.4375,1.4127396551853895,16,0.027397210501513225
2021-02-04,2.0,2.8284271247461903,2,-0.011888861972199627
2021-02-11,0.0,0.0,3,0.036422345450220606
2021-02-12,1.6666666666666667,2.886751345948129,3,0.023131653073130698
2021-02-16,0.0,0.0,3,-0.008958560781940017
2021-02-22,0.0,0.0,2,-0.018561271120501988
2021-02-23,0.0,0.0,2,-0.021486084259877525
2021-02-25,0.0,0.0,2,0.003397706503047937
2021-02-26,-2.0,0.0,2,-0.011287816322387956
2021-03-01,0.0,0.0,2,0.024203679081316265
2021-03-04,0.3333333333333333,0.5773502691896258,3,-0.009455361462257117
2021-03-11,1.5,2.1213203435596424,2,-0.007568061436043605
2021-03-15,-2.0,2.8284271247461903,2,0.015806244189599417
2021-03-17,1.0,2.0,4,-0.01577833573536669
2021-03-19,1.3333333333333333,1.1547005383792517,3,-0.008883274074999892
2021-03-23,0.0,0.0,2,-0.025834867724681576
2021-03-26,0.3333333333333333,1.5275252316519468,3,0.009413737789476961
2021-04-14,1.0,1.4142135623730951,2,-0.003973085618010241
2021-04-21,0.3333333333333333,1.5275252316519468,3,0.017888947268117183
2021-05-05,1.0,1.2649110640673518,6,0.0034961027405617795
2021-05-17,0.0,0.0,2,0.03048979749970626
2021-05-19,0.0,0.0,2,-0.0025739006691909427
2021-05-25,0.5,0.7071067811865476,2,-0.015096671546738438
2021-06-01,0.0,0.0,4,0.0005194849578940008
2021-06-04,2.0,0.0,2,0.009342934162309469
2021-06-07,0.25,0.5,4,0.012206188584933608
2021-06-10,1.5,2.1213203435596424,2,0.016965919041467714
2021-06-11,0.0,0.0,2,0.0025217412802569505
2021-06-16,0.5,0.7071067811865476,2,-0.0007699971920450688
2021-06-28,2.3333333333333335,2.516611478423583,3,0.015460022406061036
2021-06-29,1.0,1.4142135623730951,2,0.005588525652197918
2021-07-09,0.0,0.0,2,0.004426561219970315
2021-07-12,0.3333333333333333,0.5773502691896258,3,0.0007343359343658928
2021-07-15,0.0,0.0,2,0.006952159111270451
2021-07-19,-0.5,1.0,4,0.0007196511877463063
2021-07-21,0.0,0.0,2,0.01265828820544268
2021-07-28,0.0,0.0,6,0.022411790718762203
2021-08-03,-1.0,1.4142135623730951,2,0.0037872196844639383
2021-08-04,2.0,1.4142135623730951,4,0.04784759263286875
2021-08-05,1.0,1.8257418583505538,13,0.051882238390421165
2021-08-06,0.2,1.0954451150103321,5,-0.024583618286537545
2021-08-19,1.0,1.4142135623730951,2,0.0013444562610496202
2021-08-27,-0.5,0.7071067811865476,2,-0.019160707313330527
2021-08-30,-2.0,0.0,2,-0.0012401307471492373
2021-09-02,3.0,0.0,2,0.005224836326557236
2021-09-13,0.0,0.0,2,0.003506016042115645
2021-09-16,2.0,0.0,2,0.014613469808660406
2021-09-22,1.0,1.7320508075688772,3,-0.009556020535468557
2021-09-24,-1.0,1.4142135623730951,2,-0.00742228547223589
2021-10-04,-1.25,0.9574271077563381,4,0.009787938025989984
2021-10-11,-0.75,1.5,4,0.004429028478054597
2021-10-25,0.0,0.0,2,0.005757142180284447
2021-10-29,-0.6666666666666666,3.0550504633038935,3,0.021168502420007673
2021-11-03,-0.125,1.6420805617960925,8,0.024649879982463707
2021-11-04,-1.0,1.4142135623730951,2,0.017906036304543127
2021-11-05,0.0,0.0,3,-0.02578223555044823
2021-11-10,-2.0,1.4142135623730951,4,-0.005036599990275836
2021-11-11,2.0,2.8284271247461903,2,0.0075248408168964165
2021-11-12,1.6666666666666667,1.5275252316519465,3,-0.004209589656373858
2021-11-18,0.0,0.0,6,-0.00185768785309115
2021-11-19,-0.3333333333333333,1.5275252316519468,3,-0.001196545408873373
2021-11-26,-0.6666666666666666,1.1547005383792517,3,-0.010416655826011145
2021-12-10,0.0,0.0,2,0.0002663023929374564
2021-12-13,0.0,0.0,3,0.014780254669298776
2021-12-14,0.0,0.0,2,-0.02506232952018994
2021-12-15,0.0,0.0,2,0.018842663186712683
2021-12-17,0.2,2.04939015319192,5,-0.007139188978016908
2021-12-20,-1.0909090909090908,2.6250541119963775,11,-0.11727021990844866
2021-12-21,-0.14285714285714285,1.0690449676496976,7,0.03139809150016104
2021-12-27,0.0,2.8284271247461903,2,0.0181793970500852
2021-12-28,-0.16666666666666666,1.6020819787597222,6,0.005493641764438673
2021-12-30,2.5,3.5355339059327378,2,0.015754567399835828
2022-01-03,0.2,0.447213595499958,5,-0.030612296044539078
2022-01-04,0.0,0.0,3,-0.0296140670433529
2022-01-05,-1.6666666666666667,3.214550253664318,3,-0.008099510830475554
2022-01-06,-0.3333333333333333,0.5773502691896258,3,-0.027121556745944964
2022-01-14,-2.0,1.4142135623730951,2,-0.03980933732300407
2022-01-20,0.0,0.0,5,-0.008412523375686431
2022-02-02,0.4666666666666667,0.9154754164341269,15,0.04365314230544448
2022-02-04,1.0,1.4142135623730951,2,-0.05066086464893793
2022-03-02,-0.5,0.8366600265340756,6,-0.0017231672384107055
2022-03-03,0.3333333333333333,1.5275252316519468,3,0.008342928248715298
2022-03-07,-0.5,0.7071067811865476,2,-0.010556290282884406
2022-03-08,0.16666666666666666,1.602081978759722,6,-0.003604378802143815
2022-03-15,-1.0,2.0,4,-0.009162506090011457
2022-03-16,1.3333333333333333,1.1547005383792517,3,0.026874855363950623
2022-03-23,0.0,2.8284271247461903,2,0.007009971808426663
2022-03-24,-2.5,3.5355339059327378,2,-0.022757623713248187
2022-03-29,2.5,0.7071067811865476,2,0.016881784637315267
2022-04-01,1.0,1.1547005383792515,4,0.014154015603973003
2022-04-07,0.0,0.0,2,0.04262873205041373
2022-04-12,-0.3333333333333333,0.5773502691896258,3,-0.03874097249564301
2022-04-19,0.0,0.0,3,-0.023827133984494542
2022-04-25,-1.75,2.362907813126304,4,0.015266071583639462
2022-04-27,-0.5,0.7071067811865476,2,0.02333416240943298
2022-04-28,0.3333333333333333,0.5773502691896258,3,-0.023562198404087686
2022-04-29,0.5714285714285714,1.3972762620115438,7,0.05384017814778397
2022-05-10,0.0,0.0,2,0.0059540089126410845
2022-06-15,0.5,0.7071067811865476,2,0.004897964731444215
2022-06-27,0.6666666666666666,2.886751345948129,3,0.011064446162947883
2022-07-05,2.0,0.0,2,-0.002010461050552359
2022-07-12,-1.0,1.4142135623730951,2,-0.0012330734584751202
2022-07-14,0.5,3.5355339059327378,2,-0.0018513601553948877
2022-07-15,3.3333333333333335,0.5773502691896258,3,0.03511802543020459
2022-08-03,-0.8,1.6431676725154984,5,-0.09398497633791747
2022-08-04,0.5,1.51657508881031,6,0.010243750641617977
2022-08-09,0.0,0.0,2,0.021866731938359862
2022-08-23,2.0,1.4142135623730951,2,-0.010215547273395131
2022-08-31,0.0,0.0,2,-0.002768346790456455
2022-09-01,0.0,0.0,3,-0.024227186698521863
2022-10-14,-0.5,0.7071067811865476,2,0.015249750430555764
2022-10-18,-0.6666666666666666,1.1547005383792517,3,0.006859621182075726
2022-11-01,2.0,0.0,2,-0.022097365281208314
2022-11-02,-0.1111111111111111,1.2692955176439846,9,0.07440693800659659
2022-11-09,-0.6666666666666666,0.5773502691896258,3,-0.0022334240544340522
2022-11-14,-0.5,0.7071067811865476,2,0.031082298681239573
2022-11-21,-1.25,0.9574271077563382,4,0.010837464698158161
2022-11-22,0.0,0.0,2,0.011574064358219616
2022-11-23,-1.0,1.4142135623730951,2,0.015295676047423878
2022-11-29,-0.25,0.5,4,0.025046621724716722
2022-12-02,1.5,2.1213203435596424,2,0.004929431563938325
2022-12-06,1.0,1.4142135623730951,2,-0.006218023819170138
2022-12-12,-1.1666666666666667,1.169045194450012,6,-0.009656126557665345
2023-01-02,1.0,1.4142135623730951,2,0.00426440267242012
2023-01-03,2.0,0.0,2,0.02791929009683991
2023-01-04,-0.5,0.7071067811865476,2,-0.007538972525359178
2023-01-12,-0.8,1.0954451150103321,5,0.004397064529998884
2023-01-13,-0.25,1.707825127659933,4,0.025062889850754333
2023-01-16,0.0,0.0,3,0.017189844510087537
2023-01-20,0.8,2.16794833886788,5,0.008245473606509623
2023-01-23,-2.0,2.8284271247461903,2,-0.0005175677538030721
2023-01-27,-0.5,0.7071067811865476,2,0.009155776172635077
2023-01-30,1.0,1.4142135623730951,2,0.014347474097677893
2023-02-01,0.8,1.082325538564332,15,-0.000636203529807533
2023-02-02,0.5,1.9148542155126762,4,-0.03851873360334801
2023-02-06,-1.0,1.0,3,0.017525234830057412
2023-02-13,-0.25,0.5,4,0.026435292372519292
2023-02-14,-0.6666666666666666,1.1547005383792517,3,0.0
2023-02-22,-0.5,0.7071067811865476,2,-0.00319936780256036
2023-02-23,0.0,0.0,2,0.007021080085666043
2023-02-27,1.0,1.4142135623730951,2,0.01333874553525738
2023-02-28,-2.0,0.0,2,-0.014053873435195152
2023-03-01,0.0,1.4142135623730951,5,0.001606107060300399
2023-03-02,-1.0,0.0,2,0.007215892275821201
2023-03-07,0.0,0.0,3,0.00773805262508076
2023-03-09,1.25,1.5000000000000002,4,0.015585727657175363
2023-03-14,0.0,0.0,5,0.005284565400357488
2023-03-16,0.0,0.0,3,-0.01993956326354407
2023-03-20,-1.0,1.4142135623730951,2,0.011558979636644873
2023-03-22,0.0,2.0,3,0.012316279606347402
2023-03-23,0.0,0.0,3,0.015306159404543607
2023-03-24,0.75,0.9574271077563381,4,0.021769809627865344
2023-03-27,1.0,1.4142135623730951,2,0.01715919923736897
2023-03-28,0.0,0.0,4,-0.0024367156381794874
2023-03-31,0.5,0.5773502691896257,4,0.005742935700626006
2023-04-03,0.0,1.0,3,0.0018419597624430573
2023-04-04,0.6666666666666666,2.065591117977289,6,-0.0031255968573684623
2023-04-11,0.0,0.0,3,0.005392384678109874
2023-04-12,0.0,1.8708286933869707,5,0.02126872524574064
2023-04-13,0.4444444444444444,0.8819171036881969,9,0.01122783786666548
2023-04-14,2.5,0.7071067811865476,2,0.024892483472742866
2023-04-17,-0.3333333333333333,0.5773502691896258,3,0.016424994958173844
2023-04-19,-1.0,1.1547005383792515,4,-0.02856648320191124
2023-04-20,0.5,0.7071067811865476,2,-0.0033861405481655504
2023-04-21,0.0,0.0,3,0.04095129270209674
2023-04-24,0.14285714285714285,0.8997354108424372,7,-0.00927669404808118
2023-04-25,-0.3333333333333333,0.5773502691896258,3,0.0010403599327861723
2023-04-26,-1.1428571428571428,2.4784787961282104,7,-0.037588797273304775
2023-04-27,-1.0,1.4142135623730951,2,0.005039684937300448
2023-05-03,2.5,0.7071067811865476,2,-0.005489705248947652
2023-05-04,0.3333333333333333,0.816496580927726,6,-0.02599710865497251
2023-05-08,0.0,0.0,2,0.04753199268738584
2023-05-10,0.0,0.0,4,-0.00017522616362897203
2023-05-15,-2.0,0.0,2,-0.011568540207870459
2023-05-22,1.0,1.0,3,0.02591308593750008
2023-05-23,1.25,2.5,4,-0.03186988989667994
2023-05-24,-0.5,0.7071067811865476,2,-0.018210407675531948
2023-05-25,1.5,2.1213203435596424,2,-0.0003567187492006241
2023-05-26,0.6666666666666666,1.9663841605003503,6,0.014808185179248534
2023-05-31,-0.3333333333333333,0.5773502691896258,3,0.00017916771673376353
2023-06-01,-1.3333333333333333,1.1547005383792517,3,-0.01576776236861477
2023-06-02,-2.0,0.0,2,-0.01602036771987958
2023-06-06,0.42857142857142855,0.7867957924694432,7,0.04125807177237517
2023-06-07,0.4,0.8944271909999159,5,-0.029850725226292618
2023-06-12,0.75,0.9574271077563381,4,0.0021986299631182593
2023-06-19,0.0,0.0,2,-0.01902518488044569
2023-06-20,0.0,1.8708286933869707,5,0.0068340432305655785
2023-06-21,-0.8333333333333334,1.7224014243685084,6,0.0027517887858783396
2023-06-22,-0.6666666666666666,1.1547005383792517,3,-0.006586124673859439
2023-06-26,1.5,3.415650255319866,4,-0.012311672283613184
2023-06-28,0.0,0.0,2,0.012357414448669113
2023-07-04,-3.0,1.4142135623730951,2,-0.0025862985599063304
2023-07-06,-1.0,1.4142135623730951,2,-0.012591285427121401
2023-07-07,-1.3333333333333333,1.1547005383792517,3,-0.0075771128643977725
2023-07-10,-0.3333333333333333,0.5773502691896258,3,-0.011359358633030725
2023-07-20,0.0,0.0,4,0.037391888242131355
2023-07-26,0.0,0.0,2,-0.028566153238149372
2023-07-27,-0.5,3.5355339059327378,2,0.003204547044356687
2023-08-03,-1.0,1.4142135623730951,2,-0.013419095207663156
2023-08-07,0.0,0.0,3,0.02807088311364847
2023-08-08,0.25,2.179449471770337,12,0.17262233846403685
2023-08-09,1.4444444444444444,2.9627314724385294,9,-0.012814520853534517
2023-08-10,-0.4,1.776388345929897,10,-0.012189349466891652
2023-08-11,-2.0,2.8284271247461903,2,-0.005448757073818089
